"city","application","address","zoning","totalUnits","singleFamily","multiFamily","totalUnitsNet","singleFamilyNet","multiFamilyNet","affordability","planningVote","planningApprove","councilVote","councilApprove","finalApproval","year","redesign","lat","long","geocoded_address"
"Anaheim","DEV2010-00087","851 S Western Ave",0,32,32,0,32,32,0,0,"2010-09-27",1,"2011-01-11",1,NA,2011,0,33.818979,-118.003245,"851 S Western Ave, Anaheim, CA 92804, USA"
"Anaheim","DEV2010-00085","6115 East Henning View Terrace",0,3,3,0,3,3,3,0,"2011-02-28",1,"",NA,NA,2011,0,33.8500018,-117.7753141,"6115 E Henning View Terrace, Anaheim, CA 92807, USA"
"Anaheim","DEV2010-00161","1781 South Campton Avenue",0,400,0,400,0,0,0,0,"2011-03-14",1,"2011-05-17",1,NA,2011,1,33.8047009,-117.8919899,"1781 S Campton Ave, Anaheim, CA 92805, USA"
"Anaheim","DEV2010-00190","830 North Lemon St",0,16,0,16,16,0,16,1,"2011-04-11",1,"",NA,NA,2011,0,33.8449865,-117.9188235,"830 N Lemon St, Anaheim, CA 92805, USA"
"Anaheim","DEV2010-00182","Santa Ana Canyon Rd & Gypsum Canyon Rd",0,56,56,0,56,56,0,0,"2011-05-09",1,"2011-06-07",1,NA,2011,0,33.857364,-117.7711365,"E Santa Ana Canyon Rd, Anaheim, CA, USA"
"Anaheim","DEV2010-00026A","407 South Anaheim Boulevard",0,52,0,52,52,0,52,1,"2011-05-23",1,"",NA,NA,2011,1,33.831894,-117.913054,"407 S Anaheim Blvd, Anaheim, CA 92805, USA"
"Anaheim","DEV2010-00027A","518 South Anaheim Boulevard",0,36,0,36,36,0,36,1,"2011-05-23",1,"",NA,NA,2011,1,33.830532,-117.911533,"518 S Anaheim Blvd, Anaheim, CA 92805, USA"
"Anaheim","DEV2011-00014","1658 West Orangewood Ave",0,1,0,1,1,0,1,0,"2011-05-23",1,"",NA,NA,2011,0,33.7956157,-117.9395911,"1658 W Orangewood Ave, Anaheim, CA 92802, USA"
"Anaheim","DEV2010-00179","3323 West Ball Road",0,25,25,0,25,25,0,0,"2011-08-29",1,"",NA,NA,2011,0,33.817952,-118.005885,"3323 W Ball Rd, Anaheim, CA 92804, USA"
"Anaheim","DEV2011-00032","Kroeger St and Santa Ana St",0,226,0,226,226,0,226,1,"2011-11-21",1,"",NA,NA,2011,0,33.832494,-117.9065181,"E Santa Ana St & S Kroeger St, Anaheim, CA 92805, USA"
"Anaheim","DEV2010-00026A","407 South Anaheim Boulevard",0,60,0,60,8,0,8,1,"2012-09-10",1,"",NA,NA,2012,1,33.831894,-117.913054,"407 S Anaheim Blvd, Anaheim, CA 92805, USA"
"Anaheim","DEV2010-00027A","518 South Anaheim Boulevard",0,36,0,36,4,0,4,1,"2012-09-10",1,"",NA,NA,2012,1,33.830532,-117.911533,"518 S Anaheim Blvd, Anaheim, CA 92805, USA"
"Anaheim","DEV2012-00080","2100 E Orangewood Ave",0,395,0,395,395,0,395,0,"2012-11-19",1,"",NA,NA,2012,0,33.7950991,-117.8870205,"2100 E Orangewood Ave, Anaheim, CA 92806, USA"
"Anaheim","DEV2012-00117","501 S West St",0,3,3,0,3,3,0,0,"2012-12-03",1,"",NA,NA,2012,0,33.8278212,-117.9258842,"501 S West St, Anaheim, CA 92805, USA"
"Anaheim","DEV2012-00060","905 E Kastella Ave",0,51,0,51,51,0,51,0,"2012-12-03",1,"2012-12-18",1,NA,2012,1,33.8040212,-117.8975909,"905 E Katella Ave, Anaheim, CA 92805, USA"
"Anaheim","DEV2012-00135","3083 W Ball Road",0,15,0,15,15,0,15,0,"2013-06-17",1,"",NA,NA,2013,0,33.817881,-118.000543,"3083 W Ball Rd, Anaheim, CA 92804, USA"
"Anaheim","DEV2013-00065","860 S Peralta Hills Dr",0,1,1,0,1,1,0,0,"2013-09-09",1,"",NA,NA,2013,0,33.8483697,-117.80886,"860 S Peralta Hills Dr, Anaheim, CA 92807, USA"
"Anaheim","DEV2013-00014","830 N Lemon St",0,7,0,7,7,0,7,1,"2013-04-08",1,"2013-05-28",1,NA,2013,0,33.8449865,-117.9188235,"830 N Lemon St, Anaheim, CA 92805, USA"
"Anaheim","DEV2013-00064","2243 S Loara St",0,1,1,0,1,1,0,0,"2013-10-07",1,"",NA,NA,2013,0,33.7926462,-117.9371885,"2243 S Loara St, Anaheim, CA 92802, USA"
"Anaheim","DEV2011-00110","200 N Lemon St",0,220,0,220,220,0,220,0,"2013-10-21",1,"",NA,NA,2013,0,33.8364533,-117.916176,"200 N Lemon St, Anaheim, CA 92805, USA"
"Anaheim","DEV2013-00071","801 S Anaheim Blvd",0,42,0,42,42,0,42,0,"2013-12-02",1,"",NA,NA,2013,0,33.826299,-117.9111008,"801 S Anaheim Blvd, Anaheim, CA 92805, USA"
"Anaheim","DEV2013-00083","1531 E Lincoln Ave",0,76,0,76,76,0,76,0,"2014-01-13",1,"",NA,NA,2014,0,33.8399728,-117.8963844,"1531 E Lincoln Ave, Anaheim, CA 92805, USA"
"Anaheim","DEV2014-00003","1771 S Brookhurst St",0,1,1,0,1,1,0,0,"2014-02-10",1,"",NA,NA,2014,0,33.8033969,-117.959213,"1771 S Brookhurst St, Anaheim, CA 92804, USA"
"Anaheim","DEV2011-00110","200 N Lemon St",0,220,0,220,220,0,220,0,"2014-04-21",1,"",NA,NA,2014,1,33.8364533,-117.916176,"200 N Lemon St, Anaheim, CA 92805, USA"
"Anaheim","DEV2013-00056","1619 S Euclid St",0,8,8,0,8,8,0,0,"2014-06-30",1,"",NA,NA,2014,0,33.8072442,-117.9428847,"1619 S Euclid St, Anaheim, CA 92802, USA"
"Anaheim","DEV2014-00039","1256 E Lincoln Ave",0,70,0,70,70,0,70,1,"2014-06-16",1,"",NA,NA,2014,0,33.8381044,-117.9000671,"1256 E Lincoln Ave, Anaheim, CA 92805, USA"
"Anaheim","DEV2014-00014","1648 W Orangewood Ave",0,3,3,0,3,3,0,0,"2014-06-16",1,"",NA,NA,2014,0,33.795554,-117.938947,"1648 W Orangewood Ave, Anaheim, CA 92802, USA"
"Anaheim","DEV2013-00015","1807 W Orange Ave",0,37,37,0,37,37,0,0,"2014-07-28",1,"",NA,NA,2014,0,33.825514,-117.9465139,"1807 W Orange Ave, Anaheim, CA 92804, USA"
"Anaheim","DEV2014-00027","441 S Peralata Hills Dr",0,2,2,0,1,1,0,0,"2014-08-25",1,"",NA,NA,2014,0,33.842289,-117.821618,"441 S Peralta Hills Dr, Anaheim, CA 92807, USA"
"Anaheim","DEV2014-00009","2651 W Lincoln Ave",0,41,0,41,41,0,41,0,"2014-08-25",1,"",NA,NA,2014,0,33.8324068,-117.978499,"2651 W Lincoln Ave, Anaheim, CA 92801, USA"
"Anaheim","DEV2014-00018","641 S Brookhurst St",0,40,40,0,40,40,0,0,"2014-11-17",NA,"",NA,NA,2014,0,33.8232326,-117.9598965,"641 S Brookhurst St, Anaheim, CA 92804, USA"
"Anaheim","DEV2012-00060B","1005 E Katella Ave",0,39,0,39,39,0,39,0,"2014-09-08",1,"",NA,NA,2014,1,33.8038379,-117.8956963,"1005 E Katella Ave, Anaheim, CA 92805, USA"
"Anaheim","DEV2014-00078","1620 S Varna St",0,2,1,1,2,1,1,1,"2014-10-06",1,"",NA,NA,2014,0,33.8075157,-117.9429548,"1620 S Varna St, Anaheim, CA 92804, USA"
"Anaheim","DEV2014-00103","531 S West St",0,2,2,0,2,2,0,0,"2014-11-03",1,"",NA,NA,2014,1,33.8269751,-117.9255638,"531 S West St, Anaheim, CA 92805, USA"
"Anaheim","DEV2014-00046","701 E Cypress St",0,38,38,0,38,38,0,0,"2014-11-17",1,"",NA,NA,2014,0,33.8397652,-117.9077363,"701 E Cypress St, Anaheim, CA 92805, USA"
"Anaheim","DEV2014-00076","1665 S Brookhurst St",0,13,0,13,13,0,13,1,"2014-12-15",1,"",NA,NA,2014,0,33.8066567,-117.9595662,"1665 S Brookhurst St, Anaheim, CA 92804, USA"
"Anaheim","DEV2014-00033","2848 E South St",0,20,20,0,20,20,0,0,"2015-03-23",1,"2015-04-21",1,NA,2015,0,33.832636,-117.8694592,"2848 E South St, Anaheim, CA 92806, USA"
"Anaheim","DEV2015-00003","1731 W Medical Center Dr",0,58,0,58,58,0,58,1,"2015-08-10",1,"",NA,NA,2015,0,33.8527667,-117.9445336,"1731 W Medical Center Dr, Anaheim, CA 92801, USA"
"Anaheim","DEV2013-00034A","1404 E Katella Ave",0,1573,0,1573,1573,0,1573,0,"2015-09-09",1,"",NA,NA,2015,1,33.8032796,-117.8935403,"1404 E Katella Ave, Anaheim, CA 92805, USA"
"Anaheim","DEV2015-00082","942 N Claudia St",0,1,1,0,1,1,0,0,"2015-09-21",1,"",NA,NA,2015,0,33.846979,-117.9164581,"942 N Claudina St, Anaheim, CA 92805, USA"
"Anaheim","DEV2015-00057","1609 West Cerritos Ave",0,11,11,0,11,11,0,0,"2015-12-14",1,"2016-02-23",1,NA,2016,0,33.810821,-117.9375088,"1609 W Cerritos Ave, Anaheim, CA 92802, USA"
"Anaheim","DEV2015-00086","2365 W Moro Place",0,2,2,0,1,1,0,0,"2016-10-19",1,"",NA,NA,2016,0,33.8448003,-117.9668761,"2365 W Moro Pl, Anaheim, CA 92801, USA"
"Anaheim","DEV2011-00125","3370 E Miraloma Ave",1,1448,0,1448,1448,0,1448,0,"2015-10-19",1,"2016-01-26",1,NA,2016,0,33.8596093,-117.8504659,"3370 E Miraloma Ave, Anaheim, CA 92806, USA"
"Anaheim","DEV2011-00125","4633 E La Palma Ave",1,869,0,869,869,0,869,0,"2015-10-20",1,"2016-01-27",1,NA,2016,0,33.8606993,-117.8153898,"4633 E La Palma Ave, Anaheim, CA 92807, USA"
"Anaheim","DEV2011-00125","950 N Tustin Ave",1,290,0,290,290,0,290,0,"2015-10-21",1,"2016-01-28",1,NA,2016,0,33.8499659,-117.8372788,"950 N Tustin Ave, Anaheim, CA 92807, USA"
"Anaheim","DEV2015-00043","105 E Leatrice Lane",0,3,0,3,3,0,3,0,"2015-12-14",1,"",NA,NA,2015,0,33.7986892,-117.9061915,"105 E Leatrice Ln, Anaheim, CA 92802, USA"
"Anaheim","DEV2015-00041","E Riverdale Ave",0,75,75,0,75,75,0,0,"2015-11-16",1,"2016-01-12",1,NA,2016,0,33.8472512,-117.8333286,"East Riverdale Ave, Anaheim, CA, USA"
"Anaheim","DEV2014-00095","1110 N Anaheim Blvd",0,162,0,162,162,0,162,0,"2015-12-14",1,"2016-02-09",1,NA,2016,0,33.8481037,-117.9184004,"1110 N Anaheim Blvd, Anaheim, CA 92801, USA"
"Anaheim","DEV2015-00071","2337 S Manchester Ave",0,120,0,120,120,0,120,0,"2016-01-25",1,"",NA,NA,2016,0,33.7927661,-117.8930261,"2337 S Manchester Ave, Anaheim, CA 92802, USA"
"Anaheim","DEV2015-00002","420 N Magnolia Ave",0,25,25,0,25,25,0,0,"2016-01-25",1,"",NA,NA,2016,0,33.8367332,-117.9754668,"420 N Magnolia Ave, Anaheim, CA 92801, USA"
"Anaheim","DEV2015-00078","1800 E Gene Autry Way",0,1079,0,1079,1079,0,1079,0,"2016-05-16",1,"2016-06-14",1,NA,2016,1,33.7989703,-117.8915779,"1800 E Gene Autry Way, Anaheim, CA 92805, USA"
"Anaheim","DEV2015-00101","415 S Anaheim Hills Rd",0,60,0,60,60,0,60,0,"2016-06-13",1,"2016-07-12",1,NA,2016,0,33.8461475,-117.7783206,"415 S Anaheim Hills Rd, Anaheim, CA 92807, USA"
"Anaheim","DEV2015-00024","2040 S State College Blvd",0,405,0,405,405,0,405,0,"2016-09-27",1,"2016-10-18",1,NA,2016,1,33.7974083,-117.8880989,"2040 S State College Blvd, Anaheim, CA 92806, USA"
"Anaheim","DEV2016-00048","807 S Dale Ave",0,2,2,0,2,2,0,0,"2016-09-19",1,"",NA,NA,2016,0,33.8207871,-117.9850065,"807 S Dale Ave, Anaheim, CA 92804, USA"
"Anaheim","DEV2016-00048","123 N Rio Vista St",0,2,2,0,2,2,0,0,"2016-09-19",1,"",NA,NA,2016,0,33.842122,-117.8719158,"123 N Rio Vista St, Anaheim, CA 92806, USA"
"Anaheim","DEV2015-00127","2301 W Lincoln Ave",0,48,0,48,48,0,48,0,"2016-11-07",1,"",NA,NA,2016,0,33.8329974,-117.9638446,"2301 W Lincoln Ave, Anaheim, CA 92801, USA"
"Anaheim","DEV2013-00028A","2726 W Lincoln Ave",0,35,0,35,35,0,35,1,"2016-10-17",0,"2017-02-28",NA,NA,2017,0,33.8305447,-117.9814378,"2726 W Lincoln Ave, Anaheim, CA 92801, USA"
"Anaheim","DEV2014-00130","5055 E Short St",0,4,4,0,4,4,0,0,"2016-11-28",1,"",NA,NA,2016,0,33.8739409,-117.8052622,"5055 Short St, Yorba Linda, CA 92886, USA"
"Anaheim","DEV2016-00027","1525 S Euclid St",0,18,0,18,18,0,18,0,"2016-12-12",1,"",NA,NA,2016,0,33.8089113,-117.94193,"1525 S Euclid St, Anaheim, CA 92804, USA"
"Anaheim","DEV2014-00124","1700 S Lewis St",0,153,0,153,153,0,153,0,"2017-01-09",1,"2017-02-07",1,NA,2017,1,33.8053864,-117.8972674,"1700 S Lewis St, Anaheim, CA 92805, USA"
"Anaheim","DEV2016-00136","2726 W Lincoln Ave",0,34,0,34,34,0,34,0,"2017-01-23",1,"",NA,NA,2017,0,33.8305447,-117.9814378,"2726 W Lincoln Ave, Anaheim, CA 92801, USA"
"Anaheim","DEV2017-00004","1248 E Lincoln Ave",0,54,0,54,54,0,54,1,"2017-05-15",1,"",NA,NA,2017,0,33.8380697,-117.9002981,"1248 E Lincoln Ave, Anaheim, CA 92805, USA"
"Anaheim","DEV2016-00043","3315 W Lincoln Ave",0,22,0,22,22,0,22,0,"2017-04-03",1,"",NA,NA,2017,0,33.8320193,-118.005928,"3315 W Lincoln Ave, Anaheim, CA 92801, USA"
"Anaheim","DEV2016-00100","2730 W Ball Rd",0,41,0,41,41,0,41,0,"2017-07-10",1,"",NA,NA,2017,0,33.8171162,-117.9813005,"2730 W Ball Rd, Anaheim, CA 92804, USA"
"Anaheim","DEV2016-00138","633 S East St",0,42,0,42,42,0,42,0,"2017-08-07",1,"2017-10-17",1,NA,2017,0,33.8302805,-117.9005041,"633 S East St, Anaheim, CA 92805, USA"
"Anaheim","DEV2017-00048","645 S Magnolia Ave",0,3,3,0,3,3,0,0,"2017-10-16",1,"",NA,NA,2017,0,33.8229839,-117.9764734,"645 S Magnolia Ave, Anaheim, CA 92804, USA"
"Anaheim","DEV2016-00042","312 S Euclid St",0,39,27,12,39,27,12,0,"2017-11-13",1,"2017-12-19",1,NA,2017,0,33.828255,-117.94074,"312 S Euclid St, Anaheim, CA 92802, USA"
"Anaheim","DEV2016-00088","901 E South St",0,546,72,474,546,72,474,0,"2017-11-29",1,"",NA,NA,2017,0,33.8297622,-117.9031132,"901 E South St, Anaheim, CA 92805, USA"
"Anaheim","DEV2017-00031","1041 N PacifiCenter Dr",0,406,0,406,406,0,406,0,"2018-03-05",1,"",NA,NA,2018,0,33.8532392,-117.8404151,"1041 PacifiCenter Dr, Anaheim, CA 92806, USA"
"Anaheim","DEV2016-00062","350 W Center Street Promenade",0,57,0,57,57,0,57,0,"2018-08-20",1,"",NA,NA,2018,0,33.8331841,-117.9171719,"350 W Center Street Promenade, Anaheim, CA 92805, USA"
"Anaheim","DEV2017-00094","3534 W Savanna St",0,19,0,19,19,0,19,0,"2018-10-15",1,"2018-11-20",1,NA,2018,0,33.8197107,-118.0125933,"3534 W Savanna St, Anaheim, CA 92804, USA"
"Anaheim","DEV2015-00014","7983 Jackson Way",1,456,0,456,456,0,456,1,"2018-10-29",1,"2018-11-20",1,NA,2018,0,33.8360385,-117.9976712,"7983 Jackson Way, Buena Park, CA 90620, USA"
"Anaheim","DEV2015-00015","8708 Stanton Ave",1,456,0,456,456,0,456,1,"2018-10-30",1,"2018-11-21",1,NA,2018,0,33.8362148,-117.9929444,"8708 Stanton Ave, Buena Park, CA 90620, USA"
"Anaheim","DEV2015-00016","225 N State College Blvd",1,456,0,456,456,0,456,1,"2018-10-31",1,"2018-11-22",1,NA,2018,0,33.8429759,-117.8897011,"225 N State College Blvd, Anaheim, CA 92806, USA"
"Anaheim","DEV2015-00017","207 S Laxore St",1,456,0,456,456,0,456,1,"2018-11-01",1,"2018-11-23",1,NA,2018,0,33.8297475,-117.9921209,"207 S Laxore St, Anaheim, CA 92804, USA"
"Anaheim","DEV2015-00018","300 S Laxore St",1,456,0,456,456,0,456,1,"2018-11-02",1,"2018-11-24",1,NA,2018,0,33.8275439,-117.9916863,"300 S Laxore St, Anaheim, CA 92804, USA"
"Anaheim","DEV2015-00019","3055 W Orange Ave",1,456,0,456,456,0,456,1,"2018-11-03",1,"2018-11-25",1,NA,2018,0,33.8250032,-117.9960555,"3055 W Orange Ave, Anaheim, CA 92804, USA"
"Anaheim","DEV2015-00020","601 S Gaymont St",1,456,0,456,456,0,456,1,"2018-11-04",1,"2018-11-26",1,NA,2018,0,33.8247614,-117.9908041,"601 S Gaymont St, Anaheim, CA 92804, USA"
"Anaheim","DEV2015-00021","2801 W Lynrose Dr",1,456,0,456,456,0,456,1,"2018-11-05",1,"2018-11-27",1,NA,2018,0,33.8195271,-117.9870637,"2801 W Lynrose Dr, Anaheim, CA 92804, USA"
"Anaheim","3517303","700 E SYCAMORE ST",1,5,0,5,5,0,5,0,"",NA,"",NA,NA,2013,0,33.8413165,-117.9082158,"700 E Sycamore St, Anaheim, CA 92805, USA"
"Anaheim","3517304","704 E SYCAMORE ST",1,3,0,3,3,0,3,0,"",NA,"",NA,NA,2013,0,33.8413813,-117.9081368,"704 E Sycamore St, Anaheim, CA 92805, USA"
"Anaheim","3517306","709 E ADELE ST",1,3,0,3,3,0,3,0,"",NA,"",NA,NA,2013,0,33.8405948,-117.9077134,"709 E Adele St, Anaheim, CA 92805, USA"
"Anaheim","3517307","709 E ADELE ST",1,3,0,3,3,0,3,0,"",NA,"",NA,NA,2013,0,33.8405948,-117.9077134,"709 E Adele St, Anaheim, CA 92805, USA"
"Anaheim","3517308","701 E ADELE ST",1,5,0,5,5,0,5,0,"",NA,"",NA,NA,2013,0,33.8405677,-117.9079881,"701 E Adele St, Anaheim, CA 92805, USA"
"Anaheim","3517313","708 E SYCAMORE ST",1,3,0,3,3,0,3,0,"",NA,"",NA,NA,2013,0,33.84126,-117.907915,"708 E Sycamore St, Anaheim, CA 92805, USA"
"Anaheim","3517315","611 E ADELE ST",1,3,0,3,3,0,3,0,"",NA,"",NA,NA,2013,0,33.8406902,-117.9083085,"611 E Adele St, Anaheim, CA 92805, USA"
"Anaheim","3517602","114 W ADELE ST",1,3,0,3,3,0,3,0,"",NA,"",NA,NA,2013,0,33.8385963,-117.9157386,"114 W Adele St, Anaheim, CA 92805, USA"
"Anaheim","3517606","115 W ADELE ST",1,3,0,3,3,0,3,0,"",NA,"",NA,NA,2013,0,33.8389351,-117.9164558,"115 W Adele St, Anaheim, CA 92805, USA"
"Anaheim","3517610","116 W ADELE ST",1,23,0,23,23,0,23,0,"",NA,"",NA,NA,2013,0,33.8385963,-117.9157386,"116 W Adele St, Anaheim, CA 92805, USA"
"Anaheim","3517614","117 W ADELE ST",1,3,0,3,3,0,3,0,"",NA,"",NA,NA,2013,0,33.838601,-117.9157179,"117 W Adele St, Anaheim, CA 92805, USA"
"Anaheim","3517603","118 W ADELE ST",1,1,1,0,1,1,0,0,"",NA,"",NA,NA,2013,0,33.8383396,-117.9157692,"118 W Adele St, Anaheim, CA 92805, USA"
"Anaheim","3517615","119 W ADELE ST",1,3,0,3,3,0,3,0,"",NA,"",NA,NA,2013,0,33.8386005,-117.9157199,"119 W Adele St, Anaheim, CA 92805, USA"
"Anaheim","3527022","1667 E LINCOLN AVE",1,19,0,19,19,0,19,0,"",NA,"",NA,NA,2013,0,33.840118,-117.895132,"1667 E Lincoln Ave, Anaheim, CA 92805, USA"
"Anaheim","3527023","1668 E LINCOLN AVE",1,7,0,7,7,0,7,0,"",NA,"",NA,NA,2013,0,33.8397967,-117.8938604,"1668 E Lincoln Ave, Anaheim, CA 92805, USA"
"Anaheim","3527025","1669 E LINCOLN AVE",1,9,0,9,9,0,9,0,"",NA,"",NA,NA,2013,0,33.8401225,-117.8951135,"1669 E Lincoln Ave, Anaheim, CA 92805, USA"
"Anaheim","3527026","1670 E LINCOLN AVE",1,14,0,14,14,0,14,0,"",NA,"",NA,NA,2013,0,33.8397998,-117.8938462,"1670 E Lincoln Ave, Anaheim, CA 92805, USA"
"Anaheim","3527028","1671 E LINCOLN AVE",1,18,0,18,18,0,18,0,"",NA,"",NA,NA,2013,0,33.840127,-117.895095,"1671 E Lincoln Ave, Anaheim, CA 92805, USA"
"Anaheim","3527029","1672 E LINCOLN AVE",1,16,0,16,16,0,16,0,"",NA,"",NA,NA,2013,0,33.8398015,-117.8938384,"1672 E Lincoln Ave, Anaheim, CA 92805, USA"
"Anaheim","3620309","327 S LEMON ST",1,3,0,3,3,0,3,0,"",NA,"",NA,NA,2013,0,33.8318061,-117.9150369,"327 S Lemon St, Anaheim, CA 92805, USA"
"Anaheim","3620608","420 S CLEMENTINE ST",1,7,0,7,7,0,7,0,"",NA,"",NA,NA,2013,0,33.8308208,-117.9154488,"420 S Clementine St, Anaheim, CA 92805, USA"
"Anaheim","3620627","431 S LEMON ST",1,7,0,7,7,0,7,0,"",NA,"",NA,NA,2013,0,33.8307659,-117.914884,"431 S Lemon St, Anaheim, CA 92805, USA"
"Anaheim","3621015","507 S LEMON ST",1,10,0,10,10,0,10,0,"",NA,"",NA,NA,2013,0,33.8303188,-117.9150369,"507 S Lemon St, Anaheim, CA 92805, USA"
"Anaheim","3702114","129 W ELM ST",1,3,0,3,3,0,3,0,"",NA,"",NA,NA,2013,0,33.8320818,-117.9140757,"129 W Elm St, Anaheim, CA 92805, USA"
"Anaheim","3702119","326 S LEMON ST",1,3,0,3,3,0,3,0,"",NA,"",NA,NA,2013,0,33.8319987,-117.9145792,"326 S Lemon St, Anaheim, CA 92805, USA"
"Anaheim","3702123","118 W BROADWAY",1,36,0,36,36,0,36,0,"",NA,"",NA,NA,2013,0,33.8327376,-117.9139387,"118 W Broadway, Anaheim, CA 92805, USA"
"Anaheim","3702201","180 W ELM ST",1,21,0,21,21,0,21,0,"",NA,"",NA,NA,2013,0,33.8315541,-117.9144703,"180 W Elm St, Anaheim, CA 92805, USA"
"Anaheim","3702202","130 W ELM ST",1,10,0,10,10,0,10,0,"",NA,"",NA,NA,2013,0,33.8316331,-117.9139384,"130 W Elm St, Anaheim, CA 92805, USA"
"Anaheim","3702203","124 W ELM ST",1,10,0,10,10,0,10,0,"",NA,"",NA,NA,2013,0,33.8316024,-117.9136175,"124 W Elm St, Anaheim, CA 92805, USA"
"Anaheim","3702212","145 W SANTA ANA ST",1,139,0,139,139,0,139,0,"",NA,"",NA,NA,2013,0,33.8311493,-117.9141901,"145 W Santa Ana St, Anaheim, CA 92805, USA"
"Anaheim","3702301","302 S ANAHEIM BLVD",1,12,0,12,12,0,12,0,"",NA,"",NA,NA,2013,0,33.8330821,-117.9127495,"302 S Anaheim Blvd, Anaheim, CA 92805, USA"
"Anaheim","3702302","108 E BROADWAY",1,12,0,12,12,0,12,0,"",NA,"",NA,NA,2013,0,33.8333712,-117.912942,"108 E Broadway, Anaheim, CA 92805, USA"
"Anaheim","3702303","112 E BROADWAY",1,12,0,12,12,0,12,0,"",NA,"",NA,NA,2013,0,33.8334006,-117.9128947,"112 E Broadway, Anaheim, CA 92805, USA"
"Anaheim","3702304","120 E BROADWAY",1,24,0,24,24,0,24,0,"",NA,"",NA,NA,2013,0,33.8332474,-117.9121075,"120 E Broadway, Anaheim, CA 92805, USA"
"Anaheim","3702411","275 E SANTA ANA ST",1,18,0,18,18,0,18,0,"",NA,"",NA,NA,2013,0,33.8318504,-117.9108566,"275 E Santa Ana St, Anaheim, CA 92805, USA"
"Anaheim","3708101","800 S ANAHEIM BLVD",1,7,0,7,7,0,7,0,"",NA,"",NA,NA,2013,0,33.8267968,-117.9104576,"800 S Anaheim Blvd, Anaheim, CA 92805, USA"
"Anaheim","3709105","874 S ANAHEIM BLVD",1,3,0,3,3,0,3,0,"",NA,"",NA,NA,2013,0,33.8242693,-117.9098647,"874 S Anaheim Blvd, Anaheim, CA 92805, USA"
"Anaheim","3709109","890 S ANAHEIM BLVD",1,3,0,3,3,0,3,0,"",NA,"",NA,NA,2013,0,33.8236761,-117.90963,"890 S Anaheim Blvd, Anaheim, CA 92805, USA"
"Anaheim","3709125","896 S ANAHEIM BLVD",1,5,0,5,5,0,5,0,"",NA,"",NA,NA,2013,0,33.8234792,-117.9095859,"896 S Anaheim Blvd, Anaheim, CA 92805, USA"
"Anaheim","3709127","870 S ANAHEIM BLVD",1,3,0,3,3,0,3,0,"",NA,"",NA,NA,2013,0,33.8243658,-117.9099219,"870 S Anaheim Blvd, Anaheim, CA 92805, USA"
"Anaheim","3711129","424 S PHILADELPHIA ST",1,12,0,12,12,0,12,0,"",NA,"",NA,NA,2013,0,33.8321764,-117.9101109,"424 S Philadelphia St, Anaheim, CA 92805, USA"
"Anaheim","3711130","423 S OLIVE ST",1,5,0,5,5,0,5,0,"",NA,"",NA,NA,2013,0,33.8324728,-117.9091868,"423 S Olive St, Anaheim, CA 92805, USA"
"Anaheim","3711425","426 S Atchison St",1,3,0,3,3,0,3,0,"",NA,"",NA,NA,2013,0,33.833626,-117.9058479,"426 S Atchison St, Anaheim, CA 92805, USA"
"Anaheim","3711428","425 S Atchison St",1,3,0,3,3,0,3,0,"",NA,"",NA,NA,2013,0,33.8328048,-117.9060875,"425 S Atchison St, Anaheim, CA 92805, USA"
"Anaheim","3711435","366 S Atchison St",1,3,0,3,3,0,3,0,"",NA,"",NA,NA,2013,0,33.834252,-117.9060538,"366 S Atchison St, Anaheim, CA 92805, USA"
"Anaheim","3711437","414 S Atchison St",1,7,0,7,7,0,7,0,"",NA,"",NA,NA,2013,0,33.8337467,-117.905889,"414 S Atchison St, Anaheim, CA 92805, USA"
"Anaheim","3711438","424 S ATCHISON ST",1,54,0,54,54,0,54,0,"",NA,"",NA,NA,2013,0,33.8335133,-117.905449,"424 S Atchison St, Anaheim, CA 92805, USA"
"Anaheim","3711439","425 S ATCHISON ST",1,32,0,32,32,0,32,0,"",NA,"",NA,NA,2013,0,33.8328048,-117.9060875,"425 S Atchison St, Anaheim, CA 92805, USA"
"Anaheim","3713015","933 E SOUTH ST",1,83,0,83,83,0,83,0,"",NA,"",NA,NA,2013,0,33.8293456,-117.901408,"933 E South St, Anaheim, CA 92805, USA"
"Anaheim","3713017","621 S EAST ST",1,18,0,18,18,0,18,0,"",NA,"",NA,NA,2013,0,33.8303867,-117.9012774,"621 S East St, Anaheim, CA 92805, USA"
"Anaheim","3713021","707 S EAST ST",1,32,0,32,32,0,32,0,"",NA,"",NA,NA,2013,0,33.8297915,-117.9006049,"707 S East St, Anaheim, CA 92805, USA"
"Anaheim","3713025","1017 E SOUTH ST",1,5,0,5,5,0,5,0,"",NA,"",NA,NA,2013,0,33.8293647,-117.9009,"1017 E South St, Anaheim, CA 92805, USA"
"Anaheim","3713026","1027 E SOUTH ST",1,7,0,7,7,0,7,0,"",NA,"",NA,NA,2013,0,33.8294284,-117.9006186,"1027 E South St, Anaheim, CA 92805, USA"
"Anaheim","3713027","727 S EAST ST",1,9,0,9,9,0,9,0,"",NA,"",NA,NA,2013,0,33.8295173,-117.9001978,"727 S East St, Anaheim, CA 92805, USA"
"Anaheim","3713028","601 S EAST ST",1,14,0,14,14,0,14,0,"",NA,"",NA,NA,2013,0,33.8315933,-117.9005084,"601 S East St, Anaheim, CA 92805, USA"
"Anaheim","3713028","601 S EAST ST",1,43,0,43,43,0,43,0,"",NA,"",NA,NA,2013,0,33.8315933,-117.9005084,"601 S East St, Anaheim, CA 92805, USA"
"Anaheim","3713029","801 E SOUTH ST",1,75,0,75,75,0,75,0,"",NA,"",NA,NA,2013,0,33.8286762,-117.9026701,"801 E South St, Anaheim, CA 92805, USA"
"Anaheim","3713029","801 E SOUTH ST",1,216,0,216,216,0,216,0,"",NA,"",NA,NA,2013,0,33.8286762,-117.9026701,"801 E South St, Anaheim, CA 92805, USA"
"Anaheim","3716110","424 S ATCHISON ST",1,21,0,21,21,0,21,0,"",NA,"",NA,NA,2013,0,33.8335133,-117.905449,"424 S Atchison St, Anaheim, CA 92805, USA"
"Anaheim","3716109","800 E Broadway",1,3,0,3,3,0,3,0,"",NA,"",NA,NA,2013,0,33.834009,-117.905048,"800 E Broadway, Anaheim, CA 92805, USA"
"Anaheim","3716111","424 S ATCHISON ST",1,21,0,21,21,0,21,0,"",NA,"",NA,NA,2013,0,33.8335133,-117.905449,"424 S Atchison St, Anaheim, CA 92805, USA"
"Anaheim","3716112","704 E BROADWAY",1,14,0,14,14,0,14,0,"",NA,"",NA,NA,2013,0,33.8347757,-117.9059512,"704 E Broadway, Anaheim, CA 92805, USA"
"Anaheim","3716114","365 S Atchison St",1,10,0,10,10,0,10,0,"",NA,"",NA,NA,2013,0,33.8342309,-117.9060472,"365 S Atchison St, Anaheim, CA 92805, USA"
"Anaheim","3716116","424 S ATCHISON ST",1,21,0,21,21,0,21,0,"",NA,"",NA,NA,2013,0,33.8335133,-117.905449,"424 S Atchison St, Anaheim, CA 92805, USA"
"Anaheim","3716117","424 S ATCHISON ST",1,14,0,14,14,0,14,0,"",NA,"",NA,NA,2013,0,33.8335133,-117.905449,"424 S Atchison St, Anaheim, CA 92805, USA"
"Anaheim","3723002","707 E VERMONT AVE",1,151,0,151,151,0,151,0,"",NA,"",NA,NA,2013,0,33.825745,-117.903197,"707 E Vermont Ave, Anaheim, CA 92805, USA"
"Anaheim","3727108","555 S ROSE ST",1,14,0,14,14,0,14,0,"",NA,"",NA,NA,2013,0,33.8313243,-117.902152,"555 S Rose St, Anaheim, CA 92805, USA"
"Anaheim","3727111","553 S ROSE ST",1,7,0,7,7,0,7,0,"",NA,"",NA,NA,2013,0,33.831535,-117.902219,"553 S Rose St, Anaheim, CA 92805, USA"
"Anaheim","3727117","501 S ROSE ST",1,5,0,5,5,0,5,0,"",NA,"",NA,NA,2013,0,33.8329231,-117.9025182,"501 S Rose St, Anaheim, CA 92805, USA"
"Anaheim","3727123","515 S ROSE ST",1,16,0,16,16,0,16,0,"",NA,"",NA,NA,2013,0,33.8326289,-117.9023895,"515 S Rose St, Anaheim, CA 92805, USA"
"Anaheim","3727124","500 S MOTIF ST",1,61,0,61,61,0,61,0,"",NA,"",NA,NA,2013,0,33.8323081,-117.9034211,"S Motif St, Anaheim, CA 92805, USA"
"Anaheim","3727124","500 S MOTIF ST",1,252,0,252,252,0,252,0,"",NA,"",NA,NA,2013,0,33.8323081,-117.9034211,"S Motif St, Anaheim, CA 92805, USA"
"Anaheim","3727125","543 S ROSE ST",1,14,0,14,14,0,14,0,"",NA,"",NA,NA,2013,0,33.8316821,-117.9022764,"543 S Rose St, Anaheim, CA 92805, USA"
"Anaheim","3727127","533 S ROSE ST",1,10,0,10,10,0,10,0,"",NA,"",NA,NA,2013,0,33.8321415,-117.9024266,"533 S Rose St, Anaheim, CA 92805, USA"
"Anaheim","3727222","500 S ROSE ST",1,7,0,7,7,0,7,0,"",NA,"",NA,NA,2013,0,33.8333871,-117.9021668,"500 S Rose St, Anaheim, CA 92805, USA"
"Anaheim","3727223","510 S ROSE ST",1,7,0,7,7,0,7,0,"",NA,"",NA,NA,2013,0,33.832928,-117.9020857,"510 S Rose St, Anaheim, CA 92805, USA"
"Anaheim","3727225","540 S ROSE ST",1,18,0,18,18,0,18,0,"",NA,"",NA,NA,2013,0,33.8320651,-117.9016714,"540 S Rose St, Anaheim, CA 92805, USA"
"Anaheim","3727225","540 S ROSE ST",1,1,1,0,1,1,0,0,"",NA,"",NA,NA,2013,0,33.8320651,-117.9016714,"540 S Rose St, Anaheim, CA 92805, USA"
"Anaheim","3727226","554 S ROSE ST",1,21,0,21,21,0,21,0,"",NA,"",NA,NA,2013,0,33.8315036,-117.9014196,"554 S Rose St, Anaheim, CA 92805, USA"
"Anaheim","3727227","534 S ROSE ST",1,7,0,7,7,0,7,0,"",NA,"",NA,NA,2013,0,33.8323531,-117.9018234,"534 S Rose St, Anaheim, CA 92805, USA"
"Anaheim","3727230","518 S ROSE ST",1,14,0,14,14,0,14,0,"",NA,"",NA,NA,2013,0,33.8327983,-117.9018356,"518 S Rose St, Anaheim, CA 92805, USA"
"Anaheim","7016106","109 N MAGNOLIA AVE",1,9,0,9,9,0,9,0,"",NA,"",NA,NA,2013,0,33.8329123,-117.976483,"109 N Magnolia Ave, Anaheim, CA 92801, USA"
"Anaheim","7016107","2601 W LINCOLN AVE",1,7,0,7,7,0,7,0,"",NA,"",NA,NA,2013,0,33.8325226,-117.9762363,"2601 W Lincoln Ave, Anaheim, CA 92801, USA"
"Anaheim","7016111","2607 W LINCOLN AVE",1,7,0,7,7,0,7,0,"",NA,"",NA,NA,2013,0,33.8325834,-117.9766564,"2607 W Lincoln Ave, Anaheim, CA 92801, USA"
"Anaheim","7016112","2621 W LINCOLN AVE",1,7,0,7,7,0,7,0,"",NA,"",NA,NA,2013,0,33.8326223,-117.97719,"2621 W Lincoln Ave, Anaheim, CA 92801, USA"
"Anaheim","7016113","2625 W LINCOLN AVE",1,16,0,16,16,0,16,0,"",NA,"",NA,NA,2013,0,33.832684,-117.9774877,"2625 W Lincoln Ave, Anaheim, CA 92801, USA"
"Anaheim","7256125","304 N CRESCENT WAY",1,23,0,23,23,0,23,0,"",NA,"",NA,NA,2013,0,33.8359148,-117.9469176,"304 N Crescent Way, Anaheim, CA 92801, USA"
"Anaheim","7259101","305 N CRESCENT WAY",1,37,0,37,37,0,37,0,"",NA,"",NA,NA,2013,0,33.8360736,-117.9478743,"305 N Crescent Way, Anaheim, CA 92801, USA"
"Anaheim","7259126","241 N CRESCENT WAY",1,23,0,23,23,0,23,0,"",NA,"",NA,NA,2013,0,33.8351605,-117.9478285,"241 N Crescent Way, Anaheim, CA 92801, USA"
"Anaheim","7259134","223 N CRESCENT WAY",1,43,0,43,43,0,43,0,"",NA,"",NA,NA,2013,0,33.8345688,-117.9477828,"223 N Crescent Way, Anaheim, CA 92801, USA"
"Anaheim","7261101","501 N CRESCENT WAY",1,253,0,253,253,0,253,0,"",NA,"",NA,NA,2013,0,33.8371766,-117.9488313,"501 N Crescent Way, Anaheim, CA 92801, USA"
"Anaheim","8217049","498 W Midway Dr",1,22,0,22,22,0,22,0,"",NA,"",NA,NA,2013,0,33.8125859,-117.9116919,"498 W Midway Dr, Anaheim, CA 92805, USA"
"Anaheim","8218501","110 W MIDWAY DR",1,3,0,3,3,0,3,0,"",NA,"",NA,NA,2013,0,33.812439,-117.907349,"110 W Midway Dr, Anaheim, CA 92805, USA"
"Anaheim","8218526","1429 S Clementine St",1,3,0,3,3,0,3,0,"",NA,"",NA,NA,2013,0,33.8123246,-117.9095558,"1429 S Clementine St, Anaheim, CA 92805, USA"
"Anaheim","8218527","1429 S Clementine St",1,3,0,3,3,0,3,0,"",NA,"",NA,NA,2013,0,33.8123246,-117.9095558,"1429 S Clementine St, Anaheim, CA 92805, USA"
"Anaheim","8218528","200 W MIDWAY DR",1,3,0,3,3,0,3,0,"",NA,"",NA,NA,2013,0,33.8124366,-117.9073701,"200 W Midway Dr, Anaheim, CA 92805, USA"
"Anaheim","8218529","253 W Midway Dr",1,3,0,3,3,0,3,0,"",NA,"",NA,NA,2013,0,33.8125849,-117.9085932,"253 W Midway Dr, Anaheim, CA 92805, USA"
"Anaheim","8218530","235 W Midway Dr",1,3,0,3,3,0,3,0,"",NA,"",NA,NA,2013,0,33.812418,-117.908914,"235 W Midway Dr, Anaheim, CA 92805, USA"
"Anaheim","8218531","1401 S Lemon St",1,3,0,3,3,0,3,0,"",NA,"",NA,NA,2013,0,33.8125797,-117.9085883,"1401 S Lemon St, Anaheim, CA 92805, USA"
"Anaheim","8218535","1498 S Lemon St",1,3,0,3,3,0,3,0,"",NA,"",NA,NA,2013,0,33.8118093,-117.908596,"1498 S Lemon St, Anaheim, CA 92805, USA"
"Anaheim","8218539","237 W Midway Dr",1,3,0,3,3,0,3,0,"",NA,"",NA,NA,2013,0,33.8125857,-117.9076248,"237 W Midway Dr, Anaheim, CA 92805, USA"
"Anaheim","8218540","237 W Midway Dr",1,3,0,3,3,0,3,0,"",NA,"",NA,NA,2013,0,33.8125857,-117.9076248,"237 W Midway Dr, Anaheim, CA 92805, USA"
"Anaheim","8218541","237 W Midway Dr",1,3,0,3,3,0,3,0,"",NA,"",NA,NA,2013,0,33.8125857,-117.9076248,"237 W Midway Dr, Anaheim, CA 92805, USA"
"Anaheim","8218547","1445 S ANAHEIM BLVD",1,10,0,10,10,0,10,0,"",NA,"",NA,NA,2013,0,33.811998,-117.906547,"1445 S Anaheim Blvd, Anaheim, CA 92805, USA"
"Anaheim","8218549","250 W MIDWAY DR",1,14,0,14,14,0,14,0,"",NA,"",NA,NA,2013,0,33.8125492,-117.9103466,"250 W Midway Dr, Anaheim, CA 92805, USA"
"Anaheim","8218551","237 W Midway Dr",1,14,0,14,14,0,14,0,"",NA,"",NA,NA,2013,0,33.8125857,-117.9076248,"237 W Midway Dr, Anaheim, CA 92805, USA"
"Anaheim","8218552","1455 S ANAHEIM BLVD",1,7,0,7,7,0,7,0,"",NA,"",NA,NA,2013,0,33.811821,-117.906932,"1455 S Anaheim Blvd, Anaheim, CA 92805, USA"
"Anaheim","8218553","1441 S ANAHEIM BLVD",1,43,0,43,43,0,43,0,"",NA,"",NA,NA,2013,0,33.812111,-117.907163,"1441 S Anaheim Blvd, Anaheim, CA 92805, USA"
"Anaheim","8218558","200 W MIDWAY DR",1,151,0,151,151,0,151,0,"",NA,"",NA,NA,2013,0,33.8124366,-117.9073701,"200 W Midway Dr, Anaheim, CA 92805, USA"
"Anaheim","8373116","2450 E LINCOLN AVE",1,28,0,28,28,0,28,0,"",NA,"",NA,NA,2013,0,33.8382539,-117.8808387,"2450 E Lincoln Ave, Anaheim, CA 92806, USA"
"Anaheim","8373117","2418 E LINCOLN AVE",1,111,0,111,111,0,111,0,"",NA,"",NA,NA,2013,0,33.8386981,-117.882723,"2418 E Lincoln Ave, Anaheim, CA 92806, USA"
"Anaheim","12602217","2730 E LINCOLN AVE",1,7,0,7,7,0,7,0,"",NA,"",NA,NA,2013,0,33.8376999,-117.875673,"2730 E Lincoln Ave, Anaheim, CA 92806, USA"
"Anaheim","12602218","2728 W LINCOLN AVE",1,39,0,39,39,0,39,0,"",NA,"",NA,NA,2013,0,33.8315825,-117.9814966,"2728 W Lincoln Ave, Anaheim, CA 92801, USA"
"Anaheim","12603226","2630 W LINCOLN AVE",1,64,0,64,64,0,64,0,"",NA,"",NA,NA,2013,0,33.8318656,-117.9777344,"2630 W Lincoln Ave, Anaheim, CA 92801, USA"
"Anaheim","12631010","2728 W BALL RD",1,64,0,64,64,0,64,0,"",NA,"",NA,NA,2013,0,33.8173855,-117.9810932,"2728 W Ball Rd, Anaheim, CA 92804, USA"
"Anaheim","12660204","212 S BEACH BLVD",1,32,0,32,32,0,32,0,"",NA,"",NA,NA,2013,0,33.8298,-117.9928,"212 S Beach Blvd, Anaheim, CA 92804, USA"
"Anaheim","12723134","631 S BROOKHURST ST",1,25,0,25,25,0,25,0,"",NA,"",NA,NA,2013,0,33.8236398,-117.9597263,"631 S Brookhurst St, Anaheim, CA 92804, USA"
"Anaheim","12723135","632 S BROOKHURST ST",1,28,0,28,28,0,28,0,"",NA,"",NA,NA,2013,0,33.8235219,-117.9588214,"632 S Brookhurst St, Anaheim, CA 92804, USA"
"Anaheim","12723156","605 S BROOKHURST ST",1,10,0,10,10,0,10,0,"",NA,"",NA,NA,2013,0,33.8247568,-117.959942,"605 S Brookhurst St, Anaheim, CA 92804, USA"
"Anaheim","12723159","619 S BROOKHURST ST",1,10,0,10,10,0,10,0,"",NA,"",NA,NA,2013,0,33.8242923,-117.9593603,"619 S Brookhurst St, Anaheim, CA 92804, USA"
"Anaheim","12723160","611 S BROOKHURST ST",1,19,0,19,19,0,19,0,"",NA,"",NA,NA,2013,0,33.8245884,-117.9599551,"611 S Brookhurst St, Anaheim, CA 92804, USA"
"Anaheim","12723161","619 S Brookhurst St",1,5,0,5,5,0,5,0,"",NA,"",NA,NA,2013,0,33.8242923,-117.9593603,"619 S Brookhurst St, Anaheim, CA 92804, USA"
"Anaheim","12723162","623 S BROOKHURST ST",1,10,0,10,10,0,10,0,"",NA,"",NA,NA,2013,0,33.8240207,-117.9595662,"623 S Brookhurst St, Anaheim, CA 92804, USA"
"Anaheim","12724132","711 S BROOKHURST ST",1,30,0,30,30,0,30,0,"",NA,"",NA,NA,2013,0,33.8225677,-117.9598068,"711 S Brookhurst St, Anaheim, CA 92804, USA"
"Anaheim","12724167","711 S BROOKHURST ST",1,23,0,23,23,0,23,0,"",NA,"",NA,NA,2013,0,33.8225677,-117.9598068,"711 S Brookhurst St, Anaheim, CA 92804, USA"
"Anaheim","12724170","711 S BROOKHURST ST",1,9,0,9,9,0,9,0,"",NA,"",NA,NA,2013,0,33.8225677,-117.9598068,"711 S Brookhurst St, Anaheim, CA 92804, USA"
"Anaheim","12807103","1778 W LINCOLN AVE",1,14,0,14,14,0,14,0,"",NA,"",NA,NA,2013,0,33.8321669,-117.9446768,"1778 W Lincoln Ave, Anaheim, CA 92801, USA"
"Anaheim","12807105","1800 W LINCOLN AVE",1,16,0,16,16,0,16,0,"",NA,"",NA,NA,2013,0,33.8319071,-117.9456091,"1800 W Lincoln Ave, Anaheim, CA 92801, USA"
"Anaheim","12807138","1760 W LINCOLN AVE",1,18,0,18,18,0,18,0,"",NA,"",NA,NA,2013,0,33.8317916,-117.9442015,"1760 W Lincoln Ave, Anaheim, CA 92801, USA"
"Anaheim","12807142","1744 W LINCOLN AVE",1,10,0,10,10,0,10,0,"",NA,"",NA,NA,2013,0,33.8319258,-117.9440804,"1744 W Lincoln Ave, Anaheim, CA 92801, USA"
"Anaheim","12834116","2100 W BALL RD",1,3,0,3,3,0,3,0,"",NA,"",NA,NA,2013,0,33.8175633,-117.9547614,"2100 W Ball Rd, Anaheim, CA 92804, USA"
"Anaheim","12834152","2147 W BALL RD",1,3,0,3,3,0,3,0,"",NA,"",NA,NA,2013,0,33.8177842,-117.9578798,"2147 W Ball Rd, Anaheim, CA 92804, USA"
"Anaheim","12834161","2114 W BALL RD",1,118,0,118,118,0,118,0,"",NA,"",NA,NA,2013,0,33.8172616,-117.9557452,"2114 W Ball Rd, Anaheim, CA 92804, USA"
"Anaheim","13532130","3360 W LINCOLN AVE",1,118,0,118,118,0,118,0,"",NA,"",NA,NA,2013,0,33.8311136,-118.008133,"3360 W Lincoln Ave, Anaheim, CA 92801, USA"
"Anaheim","13533118","130 S KNOTT AVE",1,100,0,100,100,0,100,0,"",NA,"",NA,NA,2013,0,33.8304995,-118.0104661,"130 S Knott Ave, Anaheim, CA 92804, USA"
"Anaheim","23414102","950 S ANAHEIM BLVD",1,5,0,5,5,0,5,0,"",NA,"",NA,NA,2013,0,33.8214862,-117.9088349,"950 S Anaheim Blvd, Anaheim, CA 92805, USA"
"Anaheim","23414109","970 S ANAHEIM BLVD",1,5,0,5,5,0,5,0,"",NA,"",NA,NA,2013,0,33.821121,-117.9087662,"970 S Anaheim Blvd, Anaheim, CA 92805, USA"
"Anaheim","23414110","954 S ANAHEIM BLVD",1,3,0,3,3,0,3,0,"",NA,"",NA,NA,2013,0,33.8213068,-117.9088381,"954 S Anaheim Blvd, Anaheim, CA 92805, USA"
"Anaheim","25107123","551 S ANAHEIM BLVD",1,7,0,7,7,0,7,0,"",NA,"",NA,NA,2013,0,33.8292214,-117.9122517,"551 S Anaheim Blvd, Anaheim, CA 92805, USA"
"Anaheim","25107124","549 S ANAHEIM BLVD",1,7,0,7,7,0,7,0,"",NA,"",NA,NA,2013,0,33.8293002,-117.9121579,"549 S Anaheim Blvd, Anaheim, CA 92805, USA"
"Anaheim","25108102","501 S OLIVE ST",1,12,0,12,12,0,12,0,"",NA,"",NA,NA,2013,0,33.8316527,-117.9090179,"501 S Olive St, Anaheim, CA 92805, USA"
"Anaheim","25108102","501 S OLIVE ST",1,9,0,9,9,0,9,0,"",NA,"",NA,NA,2013,0,33.8316527,-117.9090179,"501 S Olive St, Anaheim, CA 92805, USA"
"Anaheim","25108122","518 S CLAUDINA ST",1,36,0,36,36,0,36,0,"",NA,"",NA,NA,2013,0,33.8308151,-117.9105713,"518 S Claudina St, Anaheim, CA 92805, USA"
"Anaheim","25108123","512 S CLAUDINA ST",1,3,0,3,3,0,3,0,"",NA,"",NA,NA,2013,0,33.8309764,-117.910633,"512 S Claudina St, Anaheim, CA 92805, USA"
"Anaheim","25108126","510 S CLAUDINA ST",1,46,0,46,46,0,46,0,"",NA,"",NA,NA,2013,0,33.8309985,-117.9106317,"510 S Claudina St, Anaheim, CA 92805, USA"
"Anaheim","25109213","701 S ANAHEIM BLVD",1,3,0,3,3,0,3,0,"",NA,"",NA,NA,2013,0,33.8278532,-117.9113559,"701 S Anaheim Blvd, Anaheim, CA 92805, USA"
"Anaheim","25109214","705 S ANAHEIM BLVD",1,3,0,3,3,0,3,0,"",NA,"",NA,NA,2013,0,33.827497,-117.911632,"705 S Anaheim Blvd, Anaheim, CA 92805, USA"
"Anaheim","25109215","709 S ANAHEIM BLVD",1,3,0,3,3,0,3,0,"",NA,"",NA,NA,2013,0,33.827365,-117.911588,"709 S Anaheim Blvd, Anaheim, CA 92805, USA"
"Anaheim","25109216","713 S ANAHEIM BLVD",1,3,0,3,3,0,3,0,"",NA,"",NA,NA,2013,0,33.8272965,-117.9113213,"713 S Anaheim Blvd, Anaheim, CA 92805, USA"
"Anaheim","25109217","717 S ANAHEIM BLVD",1,3,0,3,3,0,3,0,"",NA,"",NA,NA,2013,0,33.8271154,-117.9113752,"717 S Anaheim Blvd, Anaheim, CA 92805, USA"
"Anaheim","25109219","109 W SOUTH ST",1,1,1,0,1,1,0,0,"",NA,"",NA,NA,2013,0,33.8268116,-117.9114667,"109 W South St, Anaheim, CA 92805, USA"
"Anaheim","25109220","725 S ANAHEIM BLVD",1,1,1,0,1,1,0,0,"",NA,"",NA,NA,2013,0,33.8268116,-117.9114667,"725 S Anaheim Blvd, Anaheim, CA 92805, USA"
"Anaheim","25110103","622 S ANAHEIM BLVD",1,3,0,3,3,0,3,0,"",NA,"",NA,NA,2013,0,33.82851,-117.91125,"622 S Anaheim Blvd, Anaheim, CA 92805, USA"
"Anaheim","25110104","626 S ANAHEIM BLVD",1,5,0,5,5,0,5,0,"",NA,"",NA,NA,2013,0,33.8283004,-117.911215,"626 S Anaheim Blvd, Anaheim, CA 92805, USA"
"Anaheim","25110105","630 S ANAHEIM BLVD",1,1,1,0,1,1,0,0,"",NA,"",NA,NA,2013,0,33.8278774,-117.9110548,"630 S Anaheim Blvd, Anaheim, CA 92805, USA"
"Anaheim","25110106","702 S ANAHEIM BLVD",1,1,1,0,1,1,0,0,"",NA,"",NA,NA,2013,0,33.827768,-117.911009,"702 S Anaheim Blvd, Anaheim, CA 92805, USA"
"Anaheim","25110107","710 S ANAHEIM BLVD",1,5,0,5,5,0,5,0,"",NA,"",NA,NA,2013,0,33.827491,-117.910916,"710 S Anaheim Blvd, Anaheim, CA 92805, USA"
"Anaheim","25110108","722 S ANAHEIM BLVD",1,3,0,3,3,0,3,0,"",NA,"",NA,NA,2013,0,33.8271412,-117.9106732,"722 S Anaheim Blvd, Anaheim, CA 92805, USA"
"Anaheim","25110109","726 S ANAHEIM BLVD",1,1,1,0,1,1,0,0,"",NA,"",NA,NA,2013,0,33.8268858,-117.9108618,"726 S Anaheim Blvd, Anaheim, CA 92805, USA"
"Anaheim","34335160","1703 N BUBACH ST",1,46,0,46,46,0,46,0,"",NA,"",NA,NA,2013,0,33.8678953,-117.8175426,"1703 N Bubach St, Anaheim, CA 92807, USA"
"Anaheim","26833106","2930 E FRONTERA ST",1,64,0,64,64,0,64,0,"",NA,"",NA,NA,2013,0,33.845562,-117.865466,"2930 E Frontera St, Anaheim, CA 92806, USA"
"Anaheim","2683312","2930 E FRONTERA ST",1,28,0,28,28,0,28,0,"",NA,"",NA,NA,2013,0,33.845562,-117.865466,"2930 E Frontera St, Anaheim, CA 92806, USA"
"Anaheim","13745122","2307 S MANCHESTER AVE",1,36,0,36,36,0,36,0,"",NA,"",NA,NA,2013,0,33.7943054,-117.8943703,"2307 S Manchester Ave, Anaheim, CA 92802, USA"
"Anaheim","13745124","2323 S MANCHESTER AVE",1,18,0,18,18,0,18,0,"",NA,"",NA,NA,2013,0,33.7935683,-117.8940956,"2323 S Manchester Ave, Anaheim, CA 92802, USA"
"Anaheim","13745125","2333 S MANCHESTER AVE",1,21,0,21,21,0,21,0,"",NA,"",NA,NA,2013,0,33.7933514,-117.8937375,"2333 S Manchester Ave, Anaheim, CA 92802, USA"
"Anaheim","Platinum Tri 1","1331 E Katella Ave",1,26,0,26,26,0,26,0,"",NA,"",NA,NA,2012,1,33.8038415,-117.8941872,"1331 E Katella Ave, Anaheim, CA 92805, USA"
"Anaheim","Platinum Tri 2","2343 E Cerritos Ave",1,26,0,26,26,0,26,0,"",NA,"",NA,NA,2012,1,33.810804,-117.8836083,"2343 E Cerritos Ave, Anaheim, CA 92806, USA"
"Anaheim","Platinum Tri 3","2121 S Towne Centre Pl",1,26,0,26,26,0,26,0,"",NA,"",NA,NA,2012,1,33.794234,-117.8823308,"2121 S Towne Centre Pl, Anaheim, CA 92806, USA"
"Anaheim","Platinum Tri 1","1331 E Katella Ave",1,13,0,13,13,0,13,0,"",NA,"",NA,NA,2014,1,33.8038415,-117.8941872,"1331 E Katella Ave, Anaheim, CA 92805, USA"
"Anaheim","Platinum Tri 2","2343 E Cerritos Ave",1,13,0,13,13,0,13,0,"",NA,"",NA,NA,2014,1,33.810804,-117.8836083,"2343 E Cerritos Ave, Anaheim, CA 92806, USA"
"Anaheim","Platinum Tri 3","2121 S Towne Centre Pl",1,13,0,13,13,0,13,0,"",NA,"",NA,NA,2014,1,33.794234,-117.8823308,"2121 S Towne Centre Pl, Anaheim, CA 92806, USA"
"Santa Barbara","MST2006-00530","535 E Montecito St",0,48,0,48,48,0,48,1,"2009-08-21",1,"2009-02-24",1,"2010-06-28",2009,0,34.4211952,-119.6867586,"535 E Montecito St, Santa Barbara, CA 93103, USA"
"Santa Barbara","MST2004-00493","1298 Coast Village Road",0,8,0,8,8,0,8,0,"2008-03-20",1,"2009-06-02",1,"2009-06-02",2009,0,34.4218835,-119.640266,"1298 Coast Village Rd, Santa Barbara, CA 93108, USA"
"Santa Barbara","MST2009-00500","401 1/2 Old Coast Hwy",0,1,0,1,1,0,1,0,"2010-06-10",0,"2010-08-17",1,"2011-04-11",2010,1,34.4236662,-119.6679855,"401 1/2 Old Coast Hwy, Santa Barbara, CA 93103, USA"
"Santa Barbara","MST2005-00742","900 Calle De Los Amigos",0,40,0,40,37,0,37,0,"2011-04-14",1,"2011-06-14",1,"2011-12-12",2011,0,34.4240798,-119.7515617,"900 Calle De Los Amigos, Santa Barbara, CA 93105, USA"
"Santa Barbara","MST2010-00186","1233 Mission Ridge Road",0,2,2,0,1,1,0,0,"2011-03-10",1,"2011-07-19",1,"2012-12-17",2011,0,34.4392359,-119.6871849,"1233 Mission Ridge Rd, Santa Barbara, CA 93103, USA"
"Santa Barbara","MST2009-00388","903 W Mission Street",0,1,0,1,1,1,0,0,"",NA,"2011-08-23",1,"2011-08-23",2011,0,34.4210351,-119.7246879,"903 W Mission St, Santa Barbara, CA 93101, USA"
"Santa Barbara","MST2009-00083","415 Alan Road",0,1,1,0,1,1,0,0,"2011-03-03",0,"2012-02-14",1,"2012-02-14",2012,1,34.4054013,-119.7415407,"415 Alan Rd, Santa Barbara, CA 93109, USA"
"Santa Barbara","MST2012-00048","901 Olive Street",0,19,0,19,19,0,19,0,"",NA,"2012-09-11",1,"2012-10-15",2012,0,34.425837,-119.695141,"901 Olive St, Santa Barbara, CA 93101, USA"
"Santa Barbara","MST2013-00169","1330 Chapala Street",0,33,0,33,33,0,33,0,"",NA,"2013-10-29",1,"2015-05-20",2013,0,34.42428,-119.7074329,"1330 Chapala St, Santa Barbara, CA 93101, USA"
"Santa Barbara","MST2013-00212","510 N Salsipuedes Street",0,40,0,40,40,0,40,1,"",NA,"2013-11-26",1,"2014-05-20",2014,0,34.423646,-119.689009,"510 N Salsipuedes St, Santa Barbara, CA 93103, USA"
"Santa Barbara","MST2013-00281","3435 Marina Drive",0,1,1,0,1,1,0,0,"",NA,"2014-11-08",1,"2015-03-09",2014,0,34.4076723,-119.7547225,"3435 Marina Dr, Santa Barbara, CA 93110, USA"
"Santa Barbara","MST2013-00505","3626 San Remo Drive",0,1,1,0,1,1,0,0,"",NA,"2014-11-25",1,"2015-02-09",2014,0,34.4426633,-119.7411502,"3626 San Remo Dr, Santa Barbara, CA 93105, USA"
"Santa Barbara","MST2014-00149","511 Brosian Way",0,1,1,0,1,1,0,0,"2014-11-06",1,"2015-01-27",1,"2015-06-01",2015,0,34.4093382,-119.7474355,"511 Brosian Way, Santa Barbara, CA 93109, USA"
"Santa Barbara","MST2014-00418","2405 State Street",0,1,1,0,1,1,0,0,"",NA,"2015-04-21",1,"2015-04-21",2015,0,34.4345242,-119.7202781,"2405 State St, Santa Barbara, CA 93105, USA"
"Santa Barbara","MST2017-00361","806 Alberta Avenue",0,1,1,1,1,0,1,0,"",NA,"2015-11-17",1,"2015-11-17",2015,0,34.4179974,-119.7184536,"806 Alberta Ave, Santa Barbara, CA 93101, USA"
"Santa Barbara","MST2015-00500","1818 Castillo Street",0,7,0,7,5,0,5,0,"",NA,"2016-03-08",1,"2017-10-09",2016,0,34.4253081,-119.7170401,"1818 Castillo St, Santa Barbara, CA 93101, USA"
"Santa Barbara","MST2014-00142","251 S Hope Ave",0,90,0,90,89,0,89,1,"2016-02-18",1,"2016-05-03",1,"2016-12-19",2016,0,34.4363535,-119.7469246,"251 S Hope Ave, Santa Barbara, CA 93105, USA"
"Santa Barbara","MST2017-00030","1625 Overlook Lane",0,1,1,0,0,0,0,0,"",NA,"2017-09-17",1,"2018-09-17",2017,0,34.4298124,-119.6707174,"1625 Overlook Ln, Santa Barbara, CA 93103, USA"
"Santa Barbara","MST2004-00493","1298 Coast Village Road",0,5,0,5,-3,0,-3,0,"2018-01-11",1,"2017-10-03",1,"2017-10-03",2017,1,34.4218835,-119.640266,"1298 Coast Village Rd, Santa Barbara, CA 93108, USA"
"Santa Barbara","MST2015-00023","800 Santa Barbara St",0,23,0,23,23,0,23,0,"",NA,"2018-01-23",1,"2018-09-19",2018,0,34.4222572,-119.6970597,"800 Santa Barbara St, Santa Barbara, CA 93101, USA"
"Santa Barbara","MST2018-00305","917 Paseo Ferrelo",0,0,0,0,0,0,0,0,"",NA,"2018-10-02",1,"2018-10-02",2018,0,34.433453,-119.6897957,"917 Paseo Ferrelo, Santa Barbara, CA 93103, USA"
"Santa Barbara","MST2017-00713","104 Jorgensen Lane",0,1,0,1,1,0,1,0,"2018-10-04",1,"2018-12-04",1,"2018-12-04",2018,0,34.448155,-119.6969692,"104 Jorgensen Lane, Santa Barbara, CA 93103, USA"
"Santa Barbara","MST2018-00410","2444 Santa Barbara St",0,0,0,0,0,0,0,0,"",NA,"2019-01-15",1,"2019-01-15",2019,0,34.4379453,-119.7187477,"2444 Santa Barbara St, Santa Barbara, CA 93105, USA"
"Santa Barbara","MST2015-00561","711 N Milpas Street",0,76,0,76,74,0,74,0,"",NA,"2019-03-26",1,"2019-03-26",2019,0,34.4281991,-119.6882342,"711 N Milpas St, Santa Barbara, CA 93103, USA"
"Santa Barbara","MST2008-00322","412 Anacapa St",0,3,0,3,3,0,3,0,"2009-04-02",1,"",NA,"2013-01-21",2013,0,34.4174599,-119.6934237,"412 Anacapa St, Santa Barbara, CA 93101, USA"
"Santa Barbara","MST2007-00470","505 W Los Olivos St",0,13,0,13,6,0,6,0,"2009-06-04",1,"",NA,"2013-02-04",2013,1,34.427138,-119.7228089,"505 W Los Olivos St, Santa Barbara, CA 93105, USA"
"Santa Barbara","MST2009-00469","512 Bath St",0,53,0,53,43,0,43,1,"2010-07-15",1,"",NA,"2011-05-16",2011,0,34.4143703,-119.6992321,"512 Bath St, Santa Barbara, CA 93101, USA"
"Santa Barbara","MST2009-00332","1032 E Mason St",0,6,0,6,4,0,4,1,"2010-12-16",1,"",NA,"2011-10-24",2011,0,34.4243441,-119.6779145,"1032 E Mason St, Santa Barbara, CA 93103, USA"
"Santa Barbara","MST2009-00536","1820 De La Vina Street",0,40,0,40,35,0,35,1,"2011-09-22",1,"",NA,"2012-07-23",2012,0,34.427816,-119.714707,"1820 De La Vina St, Santa Barbara, CA 93101, USA"
"Santa Barbara","MST2011-00182","822 E Canon Perdido St",0,12,0,12,10,0,10,1,"2012-01-12",1,"",NA,"2012-08-27",2012,0,34.4294722,-119.6906896,"822 E Canon Perdido St, Santa Barbara, CA 93103, USA"
"Santa Barbara","MST2011-00220","1255 Coast Village Road",0,2,0,2,2,0,2,0,"2012-02-09",1,"",NA,"2012-09-04",2012,0,34.4211196,-119.6417669,"1255 Coast Village Rd, Santa Barbara, CA 93108, USA"
"Santa Barbara","MST2008-00119","2215 Edgewater Way",0,1,1,0,1,1,0,0,"2013-02-21",1,"",NA,"2013-10-28",2013,0,34.3970789,-119.7290644,"2215 Edgewater Way, Santa Barbara, CA 93109, USA"
"Santa Barbara","MST2012-00443","3714 State Street",0,72,0,72,72,0,72,0,"2014-04-03",1,"",NA,"2015-12-14",2015,1,34.4410642,-119.7433255,"3714 State St, Santa Barbara, CA 93105, USA"
"Santa Barbara","MST2013-00022","240 W Alamar Avenue",0,4,0,4,3,0,3,1,"2014-07-17",1,"",NA,"2014-11-17",2014,0,34.434326,-119.7262591,"240 W Alamar Ave, Santa Barbara, CA 93105, USA"
"Santa Barbara","MST2014-00086","1829 Mira Vista Rd",0,0,0,0,0,0,0,0,"2015-02-19",1,"",NA,"2015-04-08",2015,0,34.4397436,-119.7022032,"1829 Mira Vista Ave, Santa Barbara, CA 93103, USA"
"Santa Barbara","MST2015-00037","102 La Marina Drive",0,1,1,0,0,0,0,0,"2015-05-07",1,"",NA,"2015-05-07",2015,0,34.3995333,-119.7031693,"102 La Marina, Santa Barbara, CA 93109, USA"
"Santa Barbara","MST2014-00411","2321 Edgewater Way",0,1,1,0,0,0,0,0,"2015-11-05",1,"",NA,"2016-07-05",2016,0,34.3976025,-119.7297318,"2321 Edgewater Way, Santa Barbara, CA 93109, USA"
"Santa Barbara","MST2007-00470","505 W Los Olivos St",0,13,0,13,6,0,6,0,"2017-05-18",1,"",NA,"2017-05-30",2017,1,34.427138,-119.7228089,"505 W Los Olivos St, Santa Barbara, CA 93105, USA"
"Santa Barbara","MST2016-00447","214 E De La Guerra St",0,26,0,26,24,0,24,0,"2017-07-06",1,"",NA,"2017-12-13",2017,0,34.4220149,-119.6965399,"214 E De La Guerra St, Santa Barbara, CA 93101, USA"
"Santa Barbara","MST2016-00327","1201 Del Oro Avenue",0,1,1,0,0,0,0,0,"2018-02-01",1,"",NA,"2018-02-01",2018,0,34.3993459,-119.7035766,"1201 Del Oro Ave, Santa Barbara, CA 93109, USA"
"Santa Barbara","MST2017-00097","408 N Hope Ave",0,0,0,0,0,0,0,0,"2018-05-10",1,"",NA,"2018-05-10",2018,0,34.4455581,-119.7460197,"408 N Hope Ave, Santa Barbara, CA 93110, USA"
"Santa Barbara","","110 Bodega Lane",1,7,0,7,7,0,7,0,"",1,"",1,"",2013,0,34.4421577,-119.7544797,"110 Bodega Ln, Santa Barbara, CA 93110, USA"
"Santa Barbara","","98 Hitchcock Way",1,14,0,14,14,0,14,0,"",1,"",1,"",2013,0,34.437729,-119.7444795,"98 Hitchcock Way, Santa Barbara, CA 93105, USA"
"Santa Barbara","","3826 Via Lucero",1,7,0,7,7,0,7,0,"",1,"",1,"",2013,0,34.4417794,-119.747894,"3826 Via Lucero, Santa Barbara, CA 93110, USA"
"Santa Barbara","","400 Samarkand Dr",1,7,0,7,7,0,7,0,"",1,"",1,"",2013,0,34.4388477,-119.731476,"400 Samarkand Dr, Santa Barbara, CA 93105, USA"
"Santa Barbara","","230 Constance Ave",1,7,0,7,7,0,7,0,"",1,"",1,"",2013,0,34.4382536,-119.7182687,"230 E Constance Ave, Santa Barbara, CA 93105, USA"
"Santa Barbara","","100 W Padre St",1,7,0,7,7,0,7,0,"",1,"",1,"",2013,0,34.4306819,-119.7171377,"100 W Padre St, Santa Barbara, CA 93105, USA"
"Santa Barbara","","2235 Castillo St",1,7,0,7,7,0,7,0,"",1,"",1,"",2013,0,34.4288343,-119.7222654,"2235 Castillo St, Santa Barbara, CA 93105, USA"
"Santa Barbara","","1900 Chapala St",1,7,0,7,7,0,7,0,"",1,"",1,"",2013,0,34.4291723,-119.7145733,"1900 Chapala St, Santa Barbara, CA 93101, USA"
"Santa Barbara","","1700 Chapala St",1,7,0,7,7,0,7,0,"",1,"",1,"",2013,0,34.426977,-119.7120235,"1700 Chapala St, Santa Barbara, CA 93101, USA"
"Santa Barbara","","399 W Islay St",1,7,0,7,7,0,7,0,"",1,"",1,"",2013,0,34.4247473,-119.7166054,"399 W Islay St, Santa Barbara, CA 93101, USA"
"Santa Barbara","","600 W Valerio St",1,7,0,7,7,0,7,0,"",1,"",1,"",2013,0,34.4217806,-119.7177714,"600 W Valerio St, Santa Barbara, CA 93101, USA"
"Santa Barbara","","1315 San Pascual St",1,7,0,7,7,0,7,0,"",1,"",1,"",2013,0,34.4180246,-119.7131931,"1315 San Pascual St, Santa Barbara, CA 93101, USA"
"Santa Barbara","","499 W Sola St",1,7,0,7,7,0,7,0,"",1,"",1,"",2013,0,34.4203303,-119.7122351,"499 W Sola St, Santa Barbara, CA 93101, USA"
"Santa Barbara","","1300 De La Vina St",1,14,0,14,14,0,14,0,"",1,"",1,"",2013,0,34.4221814,-119.7080108,"1300 De La Vina St, Santa Barbara, CA 93101, USA"
"Santa Barbara","","299 W Figueroa St",1,14,0,14,14,0,14,0,"",1,"",1,"",2013,0,34.4192564,-119.7066241,"299 W Figueroa St, Santa Barbara, CA 93101, USA"
"Santa Barbara","","899 San Pascual St",1,7,0,7,7,0,7,0,"",1,"",1,"",2013,0,34.4142145,-119.7073381,"899 San Pascual St, Santa Barbara, CA 93101, USA"
"Santa Barbara","","765 W Ortega St",1,7,0,7,7,0,7,0,"",1,"",1,"",2013,0,34.411405,-119.70578,"765 W Ortega St, Santa Barbara, CA 93101, USA"
"Santa Barbara","","620 W Gutierrez St",1,7,0,7,7,0,7,0,"",1,"",1,"",2013,0,34.4096207,-119.7009641,"620 W Gutierrez St, Santa Barbara, CA 93101, USA"
"Santa Barbara","","299 W Haley St",1,14,0,14,14,0,14,0,"",1,"",1,"",2013,0,34.4136388,-119.6989101,"299 W Haley St, Santa Barbara, CA 93101, USA"
"Santa Barbara","","315 W De La Guerra St",1,14,0,14,14,0,14,0,"",1,"",1,"",2013,0,34.4157133,-119.7029078,"315 W De La Guerra St, Santa Barbara, CA 93101, USA"
"Santa Barbara","","1001 State St",1,14,0,14,14,0,14,0,"",1,"",1,"",2013,0,34.4212599,-119.7026101,"1001 State St, Santa Barbara, CA 93101, USA"
"Santa Barbara","","1400 Garden St",1,7,0,7,7,0,7,0,"",1,"",1,"",2013,0,34.4286463,-119.7037529,"1400 Garden St, Santa Barbara, CA 93101, USA"
"Santa Barbara","","300 E Cota St",1,14,0,14,14,0,14,0,"",1,"",1,"",2013,0,34.4209258,-119.693382,"300 E Cota St, Santa Barbara, CA 93101, USA"
"Santa Barbara","","1000 N Nopal St",1,7,0,7,7,0,7,0,"",1,"",1,"",2013,0,34.4299638,-119.6928834,"1000 N Nopal St, Santa Barbara, CA 93103, USA"
"Santa Barbara","","500 N Nopal St",1,14,0,14,14,0,14,0,"",1,"",1,"",2013,0,34.4255437,-119.686293,"500 N Nopal St, Santa Barbara, CA 93103, USA"
"Santa Barbara","","100 N Nopal St",1,7,0,7,7,0,7,0,"",1,"",1,"",2013,0,34.4215179,-119.6813177,"100 N Nopal St, Santa Barbara, CA 93103, USA"
"Santa Barbara","","999 Alphonse St",1,7,0,7,7,0,7,0,"",1,"",1,"",2013,0,34.4287872,-119.6861173,"999 Alphonse St, Santa Barbara, CA 93103, USA"
"Santa Barbara","","1211 Punta Gorda St",1,7,0,7,7,0,7,0,"",1,"",1,"",2013,0,34.4213935,-119.6700643,"1211 Punta Gorda St, Santa Barbara, CA 93103, USA"
"Santa Cruz","008-491-14","5 Isbel Dr",0,40,0,40,40,0,40,0,"",NA,"2011-03-08",1,"",2011,NA,36.990601,-122.013491,"5 Isbel Dr, Santa Cruz, CA 95060, USA"
"Santa Cruz","008-141-09","150 Fernside St",0,6,0,6,6,0,6,1,"2011-04-07",1,"2011-05-24",1,"",2011,NA,36.9885907,-122.0189465,"150 Fernside St, Santa Cruz, CA 95060, USA"
"Santa Cruz","005-041-05","1547 Pacific Ave",0,70,0,70,70,0,0,1,"2011-05-05",1,"2011-10-11",1,"",2011,NA,36.9764304,-122.0270808,"1547 Pacific Ave, Santa Cruz, CA 95060, USA"
"Santa Cruz","008-171-31","119 Coral St",0,40,0,40,0,0,0,1,"",NA,"2011-10-24",1,"",2011,NA,36.9843573,-122.0309819,"119 Coral St, Santa Cruz, CA 95060, USA"
"Santa Cruz","001-141-35","530 High St",0,1,1,0,1,1,0,0,"2012-02-16",1,"",NA,"",2012,NA,36.977293,-122.038537,"530 High St, Santa Cruz, CA 95060, USA"
"Santa Cruz","","110 Lindberg St",0,21,0,21,21,0,21,1,"2011-03-03",1,"2012-05-22",1,"",2012,NA,36.9790073,-122.0262296,"110 Lindberg St, Santa Cruz, CA 95060, USA"
"Santa Cruz","011-024-03","727 Frederick St",0,4,0,4,4,0,4,0,"2012-04-19",1,"2012-06-12",1,"",2012,NA,36.9809112,-122.0048231,"727 Frederick St, Santa Cruz, CA 95062, USA"
"Santa Cruz","005-072-33","148 Walnet Ave",0,19,0,19,19,0,19,1,"2012-06-21",1,"2012-07-24",1,"",2012,NA,36.973349,-122.02809,"148 Walnut Ave, Santa Cruz, CA 95060, USA"
"Santa Cruz","009-051-75","272 De Laveaga Park Rd",0,13,13,0,13,13,0,0,"2012-11-15",1,"2012-12-04",1,"",2012,NA,36.991251,-122.00314,"272 Delaveaga Park Dr, Santa Cruz, CA 95065, USA"
"Santa Cruz","011-032-75","706 Frederick St",0,22,0,22,22,0,22,0,"2013-01-24",1,"2013-03-12",1,"",2013,NA,36.9806061,-122.0044322,"706 Frederick St, Santa Cruz, CA 95062, USA"
"Santa Cruz","008-051-28","150 Jewell St",0,51,51,0,51,51,0,1,"2013-03-21",1,"",NA,"",2013,NA,36.9883303,-122.0245199,"150 Jewell St, Santa Cruz, CA 95060, USA"
"Santa Cruz","010-551-05","350 Ocean St",0,58,0,58,56,0,56,1,"2011-12-15",1,"2012-04-10",1,"",2012,NA,36.9724776,-122.0176364,"350 Ocean St, Santa Cruz, CA 95060, USA"
"Santa Cruz","010-551-05","350 Ocean St",0,5,0,5,5,0,5,1,"2013-07-18",1,"",NA,"",2013,NA,36.9724776,-122.0176364,"350 Ocean St, Santa Cruz, CA 95060, USA"
"Santa Cruz","007-023-17","555 Pacific Ave",0,94,0,94,94,0,94,0,"2014-04-03",1,"2014-05-13",1,"",2014,NA,36.9669148,-122.0247194,"555 Pacific Ave, Santa Cruz, CA 95060, USA"
"Santa Cruz","011-151-26","716 Seabright Ave",0,11,0,11,11,0,11,0,"2015-03-19",1,"2015-05-26",1,"",2015,NA,36.970287,-122.007707,"716 Seabright Ave, Santa Cruz, CA 95062, USA"
"Santa Cruz","008-045-08","1804 Ocean St",0,11,0,11,11,0,11,0,"2015-03-19",1,"",NA,"",2015,NA,36.9880993,-122.0262296,"1804 Ocean St, Santa Cruz, CA 95060, USA"
"Santa Cruz","011-041-63","1800 Soquel Ave",0,32,0,32,32,0,32,0,"2015-09-17",NA,"2016-04-12",1,"",2016,NA,36.9811825,-122.0014696,"1800 Soquel Ave, Santa Cruz, CA 95062, USA"
"Santa Cruz","007-023-17","555 Pacific Ave",0,94,0,94,94,0,94,1,"2016-01-07",1,"",NA,"",2016,NA,36.9669148,-122.0247194,"555 Pacific Ave, Santa Cruz, CA 95060, USA"
"Santa Cruz","002-301-01","735 Meder St",0,2,1,1,2,1,1,0,"2016-04-21",1,"",NA,"",2016,NA,36.969749,-122.062452,"735 Meder St, Santa Cruz, CA 95060, USA"
"Santa Cruz","008-331-30","232 River St",0,12,0,12,12,0,12,1,"2016-06-16",1,"2016-08-09",1,"",2016,NA,36.9798316,-122.0280059,"232 River St, Santa Cruz, CA 95060, USA"
"Santa Cruz","003-041-15","2415 Misison St",0,14,0,14,14,0,14,0,"2016-07-07",1,"",NA,"",2016,NA,36.9606563,-122.0484641,"2415 Mission St, Santa Cruz, CA 95060, USA"
"Santa Cruz","010-031-76","630 Water St",0,20,0,20,20,0,20,0,"2016-08-04",1,"2017-02-28",1,"",2016,NA,36.9806021,-122.0176586,"630 Water St, Santa Cruz, CA 95060, USA"
"Santa Cruz","002-272-01","225 Meder St",0,4,0,4,3,0,3,0,"2017-04-06",1,"",NA,"",2017,NA,36.9751444,-122.0528176,"225 Meder St, Santa Cruz, CA 95060, USA"
"Santa Cruz","005-142-13","1013 Pacific Ave",0,17,0,17,17,0,17,0,"2017-04-06",1,"2017-09-26",1,"",2017,NA,36.971421,-122.025836,"1013 Pacific Ave, Santa Cruz, CA 95060, USA"
"Santa Cruz","010-031-58","708 Water St",0,41,0,41,41,0,41,1,"2017-06-01",1,"2017-06-27",1,"",2017,NA,36.9806247,-122.0170813,"708 Water St, Santa Cruz, CA 95060, USA"
"Santa Cruz","006-081-36","437 High St",0,1,1,0,1,1,0,0,"2018-03-15",1,"",NA,"",2018,NA,36.9769053,-122.036824,"437 High St, Santa Cruz, CA 95060, USA"
"Santa Cruz","","1024 Soquel Ave",0,12,0,12,12,0,12,1,"2018-05-03",1,"",NA,"",2018,NA,36.978737,-122.012112,"1024 Soquel Ave, Santa Cruz, CA 95062, USA"
"Santa Cruz","008-044002","1930 Ocean St Extension",0,32,0,32,32,0,32,0,"2018-08-16",1,"2018-11-13",1,"scale down to 32",2018,NA,36.990566,-122.027573,"1930 Ocean St Ext, Santa Cruz, CA 95060, USA"
"Santa Cruz","011-041-63","1800 Soquel Ave",0,35,0,35,35,0,35,0,"2018-11-01",1,"",NA,"",2018,NA,36.9811825,-122.0014696,"1800 Soquel Ave, Santa Cruz, CA 95062, USA"
"Santa Cruz","007-021-06","711 Pacific Ave",0,7,0,7,7,0,7,0,"2018-10-18",1,"",NA,"",2018,NA,36.9689039,-122.0250084,"711 Pacific Ave, Santa Cruz, CA 95060, USA"
"Santa Cruz","005-152-11","100 Laurel St",0,205,0,205,205,0,205,1,"2018-11-15",1,"2018-12-11",1,"",2018,NA,36.969479,-122.024127,"100 Laurel St, Santa Cruz, CA 95060, USA"
"Santa Cruz","","732 Riverside Ave",0,1,0,1,1,0,1,0,"",NA,"2017-05-23",1,"",2017,NA,36.9714977,-122.0212115,"732 Riverside Ave, Santa Cruz, CA 95060, USA"
"Santa Cruz","","1010 Pacific Ave",1,300,0,300,300,0,300,0,"",NA,"",NA,"",2017,NA,36.9715186,-122.0250972,"1010 Pacific Ave, Santa Cruz, CA 95060, USA"
"Santa Cruz","","101 Church St",1,300,0,300,300,0,300,0,"",NA,"",NA,"",2017,NA,36.9742609,-122.0265183,"101 Church St, Santa Cruz, CA 95060, USA"
"Santa Cruz","","320 West Cliffe Dr",0,1,0,1,1,0,1,0,"2011-10-20",1,"",NA,"",2011,NA,36.9588698,-122.0262901,"320 W Cliff Dr, Santa Cruz, CA 95060, USA"
"Escondido","PHG 11-0009","313 S Orange St",0,84,0,84,84,0,84,0,"2011-08-09",1,"2011-09-14",1,NA,2011,1,33.1173772,-117.0841185,"313 S Orange St, Escondido, CA 92025, USA"
"Escondido","SUB 09-0004","511 N Escondido Boulevard",0,116,0,116,116,0,116,0,"",NA,"2011-06-22",1,NA,NA,0,33.1246422,-117.0874105,"511 N Escondido Blvd, Escondido, CA 92025, USA"
"Escondido","ER 2005-48","1330 RIncon Ave",0,41,41,0,41,41,0,0,"",NA,"2011-07-13",1,NA,NA,0,33.1671969,-117.079541,"1330 Rincon Ave, Escondido, CA 92026, USA"
"Escondido","RES 2011-102","2400 W Valley Pkwy",0,4,4,0,4,4,0,1,"",NA,"2011-10-05",1,NA,2011,0,33.0973679,-117.1116718,"2400 W Valley Pkwy, Escondido, CA 92029, USA"
"Escondido","RES 2011-102","1750 W Citracado Pkwy",0,2,2,0,2,2,0,1,"",NA,"2011-10-06",1,NA,2011,0,33.1017369,-117.1128693,"82, 1750 W Citracado Pkwy, Escondido, CA 92029, USA"
"Escondido","","2155 Amanda Lane",1,22,22,0,22,22,0,0,"2012-05-07",1,"",NA,NA,NA,0,33.0971472,-117.1008747,"2155 Amanda Ln, Escondido, CA 92029, USA"
"Escondido","PHG11-0033","2323 Felicita Ave",0,85,85,0,85,85,0,1,"2012-07-24",0,"2012-08-22",1,NA,2012,0,33.0901857,-117.0852938,"2323 Felicita Rd, Escondido, CA 92029, USA"
"Escondido","1","114 W 3rd Ave",1,1637,0,1637,1637,0,1637,0,"2013-07-09",1,"2013-08-07",1,NA,2013,0,33.1198347,-117.0810401,"114 W 3rd Ave, Escondido, CA 92025, USA"
"Escondido","2","150 Valley Parkway",1,1637,0,1637,1637,0,1637,0,"2013-07-09",1,"2013-08-07",1,NA,2013,0,33.1231042,-117.0816446,"150 E Valley Pkwy, Escondido, CA 92025, USA"
"Escondido","PHG 13-0028","733 Stanley Ave",0,16,16,0,16,16,0,0,"2013-11-12",1,"",NA,NA,NA,NA,33.1585274,-117.0841143,"733 Stanley Ave, Escondido, CA 92026, USA"
"Escondido","PHG 13-0010","100 Holland Glen",0,66,0,66,54,0,54,1,"2014-04-08",1,"",NA,NA,2014,0,33.1574994,-117.0934743,"100 Holland Glen, Escondido, CA 92026, USA"
"Escondido","SUB 13-0009","2412 Escondidio Boulevard",0,76,76,0,76,76,0,0,"2014-04-22",1,"2014-06-11",1,NA,2014,0,33.092112,-117.071681,"2412 S Escondido Blvd, Escondido, CA 92025, USA"
"Escondido","SUB 13-0001","2022 Meadow Vista Place",0,4,4,0,4,4,0,0,"2014-05-27",1,"",NA,NA,2014,0,33.1585083,-117.0819595,"2022 Meadow Vista Pl, Escondido, CA 92026, USA"
"Escondido","SUB 13-0003","840 Stanley Ave",0,16,16,0,14,16,0,0,"2014-05-27",1,"2014-06-18",1,NA,2014,0,33.1600318,-117.0847157,"840 Stanley Ave, Escondido, CA 92026, USA"
"Escondido","SUB13-0010","839 Stanley Ave",0,16,16,0,14,16,0,0,"2014-05-27",1,"2014-06-18",1,NA,2014,0,33.1592488,-117.0836603,"839 Stanley Ave, Escondido, CA 92026, USA"
"Escondido","SUB 13-0005","3129 E El Norte Parkway",0,1,1,0,1,1,0,0,"2014-06-24",1,"",NA,NA,2014,0,33.149302,-117.033802,"3129 E El Norte Pkwy, Escondido, CA 92027, USA"
"Escondido","SUB 13-0011","2056 N Ash St",0,13,13,0,12,12,0,0,"2014-08-12",1,"2014-09-10",1,NA,2014,0,33.1581077,-117.0854071,"2056 N Ash St, Escondido, CA 92026, USA"
"Escondido","SUB 12-0014","537 North Elm Street",0,11,0,11,11,0,11,1,"",NA,"2014-08-09",1,NA,2014,0,33.1291393,-117.0741066,"537 N Elm St, Escondido, CA 92025, USA"
"Escondido","SUB 13-0002","2319 Felicita Rd",0,65,65,0,65,65,0,0,"2015-01-27",1,"2015-03-04",1,NA,2015,0,33.0908752,-117.0852462,"2319 Felicita Rd, Escondido, CA 92029, USA"
"Escondido","SUB 13-0007","2115 Amanda Lane",0,21,21,0,20,20,0,0,"2015-03-10",1,"2015-04-08",1,NA,2015,0,33.098285,-117.0995674,"2115 Amanda Ln, Escondido, CA 92029, USA"
"Escondido","SUB 14-0002","615 Lehner Avenue",0,40,40,0,40,40,0,0,"2015-03-24",1,"2015-04-22",1,NA,2015,0,33.1552667,-117.0857289,"615 Lehner Ave, Escondido, CA 92026, USA"
"Escondido","PHG 14-0020","1556 S Escondido Boulevard",0,48,0,48,48,0,48,1,"2015-05-26",1,"2015-06-17",1,NA,2015,0,33.107099,-117.074386,"1556 S Escondido Blvd, Escondido, CA 92025, USA"
"Escondido","SUB 15-0003","382 W Washington Avenue",0,112,0,112,112,0,112,0,"2015-07-28",1,"2015-08-19",1,NA,2015,0,33.1257324,-117.0889139,"382 W Washington Ave, Escondido, CA 92025, USA"
"Escondido","SUB 13-0008","1055 W 15th Ave",0,3,3,0,3,3,0,0,"2015-07-28",1,"",NA,NA,2015,0,33.1020405,-117.0852692,"1055 W 15th Ave, Escondido, CA 92025, USA"
"Escondido","SUB 15-0008","1560 S Escondido Boulevard",0,33,0,33,33,0,33,1,"2015-10-13",1,"2015-11-08",1,NA,2015,0,33.106903,-117.073946,"1560 S Escondido Blvd, Escondido, CA 92025, USA"
"Escondido","SUB 14-0018","2516 S Escondido Boulevard",0,65,0,65,65,0,65,0,"2016-03-22",0,"2016-04-27",1,NA,2016,0,33.0893019,-117.0713377,"2516 S Escondido Blvd, Escondido, CA 92025, USA"
"Escondido","SUB 15-0022","2329 Centre City Parkway",0,113,0,113,113,0,113,0,"2016-04-12",0,"2016-05-11",1,NA,2016,0,33.0938291,-117.0727641,"2329 S Centre City Pkwy, Escondido, CA 92025, USA"
"Escondido","SUB 15-0028","660 East Mission Avenue",0,2,2,0,2,2,0,0,"2016-06-14",1,"",NA,NA,2016,0,33.1330116,-117.0775311,"660 E Mission Ave, Escondido, CA 92025, USA"
"Escondido","SUB 16-0001","700 W Grand Avenue",0,126,0,126,126,0,126,0,"2016-09-13",1,"2016-10-12",1,NA,2016,0,33.1177173,-117.0903486,"700 W Grand Ave, Escondido, CA 92025, USA"
"Escondido","SUB 15-0009","1185 Lehner Ave",0,179,179,0,178,178,0,0,"2016-06-14",1,"",NA,NA,2016,1,33.1611649,-117.074935,"1185 Lehner Ave, Escondido, CA 92026, USA"
"Escondido","SUB 17-0013","220 S Citrus Avenue",0,8,8,0,7,7,0,0,"2017-10-10",1,"",NA,NA,2017,0,33.1365639,-117.0408135,"220 S Citrus Ave, Escondido, CA 92027, USA"
"Escondido","SUB 16-0009","1800 West Country Club Lane",0,380,191,189,380,191,189,0,"2017-10-24",1,"2017-11-15",1,NA,2017,0,33.157347,-117.1244487,"1800 W Country Club Ln, Escondido, CA 92026, USA"
"Escondido","3","399 W 11th Ave",1,300,0,300,300,0,300,0,"2017-04-25",1,"2017-05-24",1,NA,2017,0,33.1106216,-117.0791586,"399 W 11th Ave, Escondido, CA 92025, USA"
"Escondido","SUB 15-0002","661 Bear Valley Parkway",0,55,55,0,55,55,0,0,"2018-06-28",1,"2018-08-15",1,NA,2018,0,33.098935,-117.057182,"661 Bear Valley Pkwy, Escondido, CA 92025, USA"
"Escondido","4","474 W Vermont Ave",1,55,0,55,55,0,55,0,"2018-01-09",1,"2018-03-21",1,NA,2018,0,33.1010342,-117.0734781,"474 W Vermont Ave, Escondido, CA 92025, USA"
"Escondido","5","1501 Orange Pl",1,55,0,55,55,0,55,0,"2018-01-10",1,"2018-03-22",1,NA,2018,0,33.1068424,-117.0771319,"1501 Orange Pl, Escondido, CA 92025, USA"
"Escondido","6","110 S Redwood St",1,55,0,55,55,0,55,0,"2018-01-11",1,"2018-03-23",1,NA,2018,0,33.1068092,-117.0819215,"S Redwood St, Escondido, CA 92025, USA"
"Escondido","7","598 S Quince St",1,55,0,55,55,0,55,0,"2018-01-12",1,"2018-03-24",1,NA,2018,0,33.1137666,-117.0850353,"598 S Quince St, Escondido, CA 92025, USA"
"Escondido","PHG 15-0013","1001 South Hale Ave",0,1,0,1,1,0,1,0,"2018-02-27",0,"",NA,NA,NA,0,33.1119361,-117.1087548,"1001 S Hale Ave, Escondido, CA 92029, USA"
"Glendale","","416 Broadway",0,115,0,115,115,0,115,0,"2005-03-14",1,"",NA,NA,2005,NA,34.1461585,-118.2504081,"412 E Broadway, Glendale, CA 91205, USA"
"Glendale","","624 Geneva",0,5,0,5,5,0,5,0,"2011-03-16",1,"",NA,NA,2011,NA,34.1557694,-118.246495,"624 Geneva St, Glendale, CA 91206, USA"
"Glendale","","1315 Stanley Ave",0,4,0,4,4,0,4,0,"2011-04-20",1,"",NA,NA,2011,NA,34.1492725,-118.2368782,"1315 Stanley Ave, Glendale, CA 91206, USA"
"Glendale","","331 W Doran St",0,60,3,57,57,0,57,1,"2011-05-04",1,"",NA,NA,2011,NA,34.1543276,-118.2592402,"331 W Doran St, Glendale, CA 91203, USA"
"Glendale","","1354 N Columbus Ave",0,7,0,7,7,0,7,0,"2011-06-15",1,"",NA,NA,2011,NA,34.1666486,-118.2618443,"1354 N Columbus Ave, Glendale, CA 91202, USA"
"Glendale","","2246 Rafael Terrace",0,2,2,0,2,2,0,0,"2011-08-03",1,"",NA,NA,2011,NA,34.1912645,-118.2219376,"2246 Rafael Terrace, Glendale, CA 91208, USA"
"Glendale","","230 South Orange St",0,338,0,338,338,0,338,0,"2011-10-05",NA,"2011-11-10",NA,NA,2011,1,34.1298368,-118.2563711,"S Orange St, Glendale, CA 91204, USA"
"Glendale","","118 S Kenwood St",0,35,0,35,35,0,35,0,"2011-10-19",NA,"2011-11-10",1,NA,2011,0,34.1455355,-118.250972,"118 S Kenwood St, Glendale, CA 91205, USA"
"Glendale","","124 W Colorado St",0,50,0,50,50,0,50,0,"2011-10-19",NA,"2011-11-10",1,NA,2011,0,34.1423328,-118.2561994,"124 W Colorado St, Glendale, CA 91204, USA"
"Glendale","","111 E Wilson Ave",0,42,0,42,42,0,42,0,"2011-10-19",NA,"2011-11-23",1,NA,2011,0,34.1482495,-118.2542176,"111 E Wilson Ave, Glendale, CA 91206, USA"
"Glendale","","2425 Cascadia Dr",0,1,1,0,1,1,0,0,"2011-11-16",1,"",NA,NA,2011,NA,34.1611276,-118.2155676,"2425 Cascadia Dr, Glendale, CA 91206, USA"
"Glendale","","203 W Los Feliz Road",0,53,0,53,53,0,53,1,"",NA,"2011-07-26",1,NA,2011,NA,34.129029,-118.25656,"203 W Los Feliz Rd, Glendale, CA 91204, USA"
"Glendale","","500 E Lexington Dr",0,38,0,38,38,0,38,0,"",NA,"2011-09-20",1,NA,2011,NA,34.151407,-118.2498756,"500 E Lexington Dr, Glendale, CA 91206, USA"
"Glendale","","320 N Central",0,307,0,307,307,0,307,0,"",NA,"2011-10-18",1,NA,2011,NA,34.1507075,-118.2573219,"320 N Central Ave, Glendale, CA 91203, USA"
"Glendale","","432 Myrtle St",0,4,0,4,4,0,4,0,"2012-06-06",1,"",NA,NA,2012,NA,34.1505909,-118.2629502,"432 Myrtle St, Glendale, CA 91203, USA"
"Glendale","","3138 Montrose Ave",0,16,0,16,16,0,16,0,"2012-06-14",1,"",NA,NA,2012,NA,34.2205758,-118.2478655,"3138 Montrose Ave, Glendale, CA 91214, USA"
"Glendale","","1376 Balmoral Dr",0,1,1,0,0,0,0,0,"2011-11-16",1,"2012-04-17",1,NA,2012,NA,34.1749212,-118.2373579,"1376 Balmoral Dr, Glendale, CA 91207, USA"
"Glendale","","3900 San Fernando",0,58,0,58,58,0,58,1,"2012-08-22",1,"2012-09-18",1,NA,2012,NA,34.1280608,-118.2583895,"3900 San Fernando Rd, Glendale, CA 91204, USA"
"Glendale","PGPA1233694","313 W California Ave",0,84,0,84,84,0,84,0,"2012-12-05",1,"",NA,NA,2012,NA,34.1501595,-118.2582355,"313 W California Ave, Glendale, CA 91203, USA"
"Glendale","","124 W Wilson Ave",0,238,0,238,238,0,238,0,"",NA,"2012-09-18",1,NA,2012,NA,34.1479602,-118.2557542,"124 W Wilson Ave, Glendale, CA 91203, USA"
"Glendale","","327 W Salem St",0,44,0,44,44,0,44,1,"",NA,"2012-06-26",1,NA,2012,NA,34.149211,-118.259101,"327 Salem St, Glendale, CA 91203, USA"
"Glendale","","200 W Wilson Ave",0,166,0,166,166,0,166,0,"",NA,"2012-10-30",1,NA,2012,NA,34.1478057,-118.2567737,"200 W Wilson Ave, Glendale, CA 91203, USA"
"Glendale","PDA 1323868","607 North Central Avenue",0,315,0,315,315,0,315,0,"2013-10-16",1,"2013-11-05",1,NA,2013,NA,34.1539806,-118.2584639,"607 N Central Ave, Glendale, CA 91203, USA"
"Glendale","PDA 1323868","526 North Central Avenue",0,192,0,192,192,0,192,0,"2013-10-16",1,"2013-11-05",1,NA,2013,NA,34.1536619,-118.2572005,"526 N Central Ave, Glendale, CA 91203, USA"
"Glendale","PSUB CASE NO. 1308589","124 W Colorado St",0,50,0,50,50,0,50,0,"2013-08-21",1,"",NA,NA,2013,NA,34.1423328,-118.2561994,"124 W Colorado St, Glendale, CA 91204, USA"
"Glendale","(PSUB CASE NO. 1308606","518 Glenwood Rd",0,6,0,6,6,0,6,1,"2013-07-17",1,"",NA,NA,2013,NA,34.1642739,-118.2662295,"518 Glenwood Rd, Glendale, CA 91202, USA"
"Glendale","","130 North Central Avenue",0,153,0,153,153,0,153,0,"2013-06-05",1,"2013-06-25",1,NA,2013,NA,34.1475526,-118.2575094,"130 N Central Ave, Glendale, CA 91203, USA"
"Glendale","","413 Palm Drive",0,4,0,4,4,0,4,0,"2013-02-20",1,"2014-12-09",1,NA,2014,NA,34.1623743,-118.2625523,"413 Palm Dr, Glendale, CA 91202, USA"
"Glendale","PTTMMC 1420353","125 North Central Ave",0,164,0,164,164,0,164,0,"2015-04-15",1,"2014-04-08",1,NA,2014,NA,34.1476006,-118.2582355,"125 N Central Ave, Glendale, CA 91203, USA"
"Glendale","","111 East Wilson Ave",0,42,0,42,42,0,42,0,"2015-04-01",1,"2014-06-03",1,NA,2014,NA,34.1482495,-118.2542176,"111 E Wilson Ave, Glendale, CA 91206, USA"
"Glendale","PSUB CASE NO. 1236300","118 S Kenwood St",0,35,0,35,35,0,35,0,"2014-02-05",1,"",NA,NA,2014,NA,34.1455355,-118.250972,"118 S Kenwood St, Glendale, CA 91205, USA"
"Glendale","","619 S Pacific Ave",0,27,0,27,27,0,27,0,"",NA,"2014-05-13",1,NA,2014,NA,34.137788,-118.264784,"619 S Pacific Ave, Glendale, CA 91204, USA"
"Glendale","","507 W Colorado St",0,90,0,90,90,0,90,1,"",NA,"2014-05-13",1,NA,2014,NA,34.142776,-118.264859,"507 W Colorado St, Glendale, CA 91204, USA"
"Glendale","","342 Myrtle St",0,11,0,11,11,0,11,0,"2014-09-17",1,"",NA,NA,2014,NA,34.1505684,-118.2597201,"342 Myrtle St, Glendale, CA 91203, USA"
"Glendale","","121 N Kenwood St",0,70,0,70,70,0,70,1,"",NA,"2014-02-18",1,NA,2014,NA,34.1471387,-118.2515084,"121 N Kenwood St, Glendale, CA 91209, USA"
"Glendale","","515 W Broadway",0,180,0,180,180,0,180,0,"",NA,"2014-12-09",1,NA,2014,NA,34.1470098,-118.265275,"515 W Broadway, Glendale, CA 91204, USA"
"Glendale","","319 N Central Ave",0,94,0,94,94,0,94,0,"",NA,"2014-06-03",1,NA,2014,NA,34.1506222,-118.2584639,"319 N Central Ave, Glendale, CA 91203, USA"
"Glendale","","409 N Brand Boulevard",0,219,0,219,219,0,219,0,"",NA,"2014-06-03",1,NA,2014,NA,34.1521468,-118.2556646,"409 N Brand Blvd, Glendale, CA 91203, USA"
"Glendale","","447 Fernando Court",1,467,0,467,467,0,467,0,"2014-03-19",0,"2014-05-13",1,NA,2014,NA,34.128482,-118.261694,"447 Fernando Ct, Glendale, CA 91204, USA"
"Glendale","","201 W Lexington Dr",0,489,0,489,489,0,489,0,"",NA,"2014-11-04",1,NA,2014,NA,34.1519638,-118.2567737,"201 W Lexington Dr, Glendale, CA 91203, USA"
"Glendale","","1225 Reynolds Drive",0,2,2,0,2,2,0,0,"2015-07-15",1,"",NA,NA,2015,NA,34.131573,-118.2448275,"1225 Reynolds Dr, Glendale, CA 91205, USA"
"Glendale","PTMMCP 150809","463 Salem St",0,10,0,10,10,0,10,0,"2015-10-07",1,"",NA,NA,2015,NA,34.1491362,-118.2640141,"463 Salem St, Glendale, CA 91203, USA"
"Glendale","PTTMCP1236035","4201 Pennsylvania Ave",0,28,0,28,28,0,28,0,"2015-10-07",1,"",NA,NA,2015,NA,34.2241272,-118.2489556,"4201 Pennsylvania Ave, Glendale, CA 91214, USA"
"Glendale","PTTTMCP 1772263","634 East Lomita St",0,6,0,6,6,0,6,1,"2018-02-07",1,"2015-05-19",1,NA,2015,NA,34.1406492,-118.2468347,"634 E Lomita Ave, Glendale, CA 91205, USA"
"Glendale","PTTMCP 1424565","806 East Chestnut Street",0,3,0,3,3,0,3,0,"2015-09-16",1,"2016-05-24",1,NA,2016,NA,34.139774,-118.2451879,"806 E Chestnut St, Glendale, CA 91205, USA"
"Glendale","PTTMMCP 1600546","373 West Doran St",0,5,0,5,5,0,5,0,"2016-08-17",1,"",NA,NA,2016,NA,34.1539957,-118.2610449,"373 W Doran St, Glendale, CA 91203, USA"
"Glendale","PZC 1601571","2612 Honolulu Ave",0,28,0,28,28,0,28,0,"2016-07-20",1,"2016-08-09",1,NA,2016,NA,34.208598,-118.2359873,"2612 Honolulu Ave, Montrose, CA 91020, USA"
"Glendale","PTTMCP 1426065","115 North Adams St",0,4,0,4,4,0,4,0,"2016-01-20",1,"",NA,NA,2016,NA,34.1468648,-118.2420407,"115 N Adams St, Glendale, CA 91206, USA"
"Glendale","PTTMMCP 152507","2700 Piedmont Ave",0,5,1,4,4,0,4,0,"2016-02-03",1,"",NA,NA,2016,NA,34.21255,-118.237724,"2700 Piedmont Ave, Montrose, CA 91020, USA"
"Glendale","PTTMMCP 1526260","518 East Windsor Rd",0,34,0,34,34,0,34,1,"2016-02-03",1,"",NA,NA,2016,NA,34.1368317,-118.249396,"518 E Windsor Rd, Glendale, CA 91205, USA"
"Glendale","PVAR 1602628","3440 Linda Vista Rd",0,1,1,0,1,1,0,0,"2016-12-07",1,"2017-07-11",1,NA,2017,NA,34.172722,-118.1945229,"3440 Linda Vista Rd, Glendale, CA 91206, USA"
"Glendale","PTTMCP 1626233","344 Milford St",0,6,0,6,6,0,6,0,"2017-04-05",1,"",NA,NA,2017,NA,34.1523319,-118.2598229,"344 W Milford St, Glendale, CA 91203, USA"
"Glendale","PTTMCP 1624030","330 Salem St",0,12,0,12,12,0,12,0,"2017-01-18",1,"",NA,NA,2017,NA,34.1487376,-118.2592862,"330 Salem St, Glendale, CA 91203, USA"
"Glendale","PTTMCP 1624030","370 Salem St",0,18,0,18,18,0,18,0,"2017-01-18",1,"",NA,NA,2017,NA,34.1487239,-118.2608622,"370 Salem St, Glendale, CA 91203, USA"
"Glendale","PPM1603702","2942 Oak Glen Rd",0,4,4,0,3,3,0,0,"2017-11-15",1,"",NA,NA,2017,NA,34.1902256,-118.2253149,"2942 Oak Glen Rd, Glendale, CA 91208, USA"
"Glendale","PTIMCP NO. 1711546","1017 San Rafael Ave",0,5,0,5,5,0,5,0,"2017-11-15",1,"",NA,NA,2017,NA,34.16047,-118.2611232,"1017 San Rafael Ave, Glendale, CA 91202, USA"
"Glendale","PTTTMCP 1627886","600 W Wilson Ave",0,3,0,3,3,0,3,0,"2018-02-07",1,"",NA,NA,2018,NA,34.147612,-118.2667548,"600 W Wilson Ave, Glendale, CA 91203, USA"
"Glendale","PTTMCP 1727975","708 E Palmer Ave",0,2,0,2,2,0,2,0,"2018-02-07",1,"",NA,NA,2018,NA,34.1324099,-118.2463581,"708 E Palmer Ave, Glendale, CA 91205, USA"
"Glendale","47","201 W Cyrpress St",1,598,0,598,598,0,598,0,"",NA,"",NA,NA,2018,NA,34.1298367,-118.2563785,"201 W Cypress St, Glendale, CA 91204, USA"
"Glendale","49","326 El Bonito Ave",1,299,0,299,299,0,299,0,"",NA,"",NA,NA,2018,NA,34.1251702,-118.2579843,"326 El Bonito Ave, Glendale, CA 91204, USA"
"Ventura","x","510 Poli St",0,29,0,29,29,0,29,0,"",NA,"2011-01-24",1,NA,NA,0,34.2821277,-119.2927569,"510 Poli St, Ventura, CA 93001, USA"
"Ventura","DA-38","200 S Wells Rd",0,499,216,282,499,216,282,1,"2011-01-18",1,"2011-06-06",1,NA,2011,0,34.2932854,-119.1591434,"200 S Wells Rd, Ventura, CA 93004, USA"
"Ventura","PROJ-1951","2055 Harbor Blvd",0,30,0,30,30,0,30,0,"2011-12-14",1,"2012-05-04",1,NA,2012,0,34.2684876,-119.2739341,"2055 E Harbor Blvd, Ventura, CA 93001, USA"
"Ventura","PROJ-1200","2055 N Ventura Ave",0,105,0,105,105,0,105,0,"2012-02-07",1,"",NA,NA,2012,0,34.302083,-119.295599,"2055 N Ventura Ave, Ventura, CA 93001, USA"
"Ventura","PROJ-1857","11000 Darling Rd",0,51,0,51,51,0,51,0,"2012-04-17",1,"2012-12-10",1,NA,2012,0,34.2866118,-119.1536205,"11000 Darling Rd, Ventura, CA 93004, USA"
"Ventura","PROJ-4154","1008 Los Angeles Ave",0,50,0,50,50,0,50,1,"2012-09-19",1,"2012-12-10",1,NA,2012,0,34.2863232,-119.1514652,"1008 Los Angeles Ave, Ventura, CA 93004, USA"
"Ventura","PROJ-5211","1155 Citrus Drive",0,54,0,54,54,0,54,0,"2013-04-10",1,"",NA,NA,2013,0,34.2925109,-119.1544372,"Citrus Dr, Ventura, CA, USA"
"Ventura","PROJ-1126","264 S Hemlock St",0,23,0,23,23,0,23,0,"2013-05-01",1,"",NA,NA,2013,0,34.2773485,-119.2821722,"264 S Hemlock St, Ventura, CA 93001, USA"
"Ventura","PROJ-6187","3009 Central Ave. ",0,40,0,40,40,0,40,1,"2013-06-26",1,"",NA,NA,2013,0,34.2713436,-119.2553343,"3009 Central Ave, Ventura, CA 93003, USA"
"Ventura","PROJ-4148","10528 Sunflower Street",0,91,84,7,91,84,7,0,"2013-08-21",1,"",NA,NA,2013,0,34.2740711,-119.1529428,"10528 Sunflower St, Ventura, CA 93004, USA"
"Ventura","PROJ-6098","5533 Foothill Rd",0,9,9,0,9,9,0,0,"2013-08-21",1,"",NA,NA,2013,0,34.2861201,-119.2223391,"5533 Foothill Rd, Ventura, CA 93003, USA"
"Ventura","PROJ-2008","1898 Alameda Ave",0,154,0,154,154,0,154,0,"2012-06-19",1,"2013-06-17",1,NA,2013,0,34.2569815,-119.2093259,"1898 Alameda Ave, Ventura, CA 93003, USA"
"Ventura","PROJ-7290","72 West Santa Clara",0,3,0,3,3,0,3,1,"2014-11-19",1,"",NA,NA,2014,1,34.2791485,-119.3018691,"72 W Santa Clara St, Ventura, CA 93001, USA"
"Ventura","PROJ-7125","2055 North Ventura Avenue",0,20,0,20,20,0,20,1,"2014-11-19",1,"",NA,NA,2014,1,34.302083,-119.295599,"2055 N Ventura Ave, Ventura, CA 93001, USA"
"Ventura","PROJ-6494","1214 Cornwall Lane",0,1,1,0,1,1,0,0,"2014-06-30",1,"2014-08-11",1,NA,2014,0,34.2605106,-119.2726064,"1214 Cornwall Ln, Ventura, CA 93001, USA"
"Ventura","PROJ-1846","351 S Ash St",1,231,0,231,231,0,231,0,"2012-07-18",1,"2014-12-xx",NA,NA,2014,0,34.2766993,-119.2885002,"351 S Ash St, Ventura, CA 93001, USA"
"Ventura","PROJ-7602","8324 Telegraph Road",0,18,18,0,18,18,0,0,"2015-01-21",1,"",NA,NA,2015,0,34.2817969,-119.1834212,"8324 Telegraph Rd, Ventura, CA 93004, USA"
"Ventura","PROJ-7244","1230 East Thompson",0,33,0,33,33,0,33,1,"2015-09-09",1,"2016-01-25",1,NA,2016,0,34.2766107,-119.282263,"1230 E Thompson Blvd, Ventura, CA 93001, USA"
"Ventura","PROJ-7951","236 W Barnett Street",0,320,0,320,140,0,140,1,"2015-06-17",1,"",NA,NA,2015,0,34.292621,-119.301475,"236 W Barnett St, Ventura, CA 93001, USA"
"Ventura","PROJ-6270","1760 Daffodil Ave",0,193,123,70,193,123,70,0,"2016-01-13",1,"",NA,NA,2016,0,34.2762721,-119.1488989,"1760 Daffodil Ave, Ventura, CA 93004, USA"
"Ventura","PROJ-9523","691 Riverside St",0,23,0,23,23,0,23,1,"2016-04-20",1,"",NA,NA,2016,0,34.2911789,-119.3057719,"691 Riverside St, Ventura, CA 93001, USA"
"Ventura","PROJ-0723","998 Weber Cir",0,250,58,192,250,58,192,1,"2017-06-29",1,"",NA,NA,2017,0,34.2644919,-119.2296803,"998 Weber Cir, Ventura, CA 93003, USA"
"Ventura","PROJ-7813","1350 North Ventura Ave",0,33,0,33,33,0,33,1,"2017-02-15",1,"",NA,NA,2017,0,34.295402,-119.296084,"1350 N Ventura Ave, Ventura, CA 93001, USA"
"Ventura","PROJ-6018","1571 E Main St",0,3,0,3,3,0,3,0,"2017-08-09",1,"",NA,NA,2017,0,34.27984,-119.276448,"1571 E Main St, Ventura, CA 93001, USA"
"Ventura","PROJ-7910","1570 E Thompson Blvd",0,29,0,29,29,0,29,0,"2018-07-18",1,"",NA,NA,2018,0,34.275415,-119.277964,"1570 E Thompson Blvd, Ventura, CA 93001, USA"
"Ventura","PROJ-11655","918 East Thompson Blvd",0,45,0,45,45,0,45,0,"2018-07-18",1,"",NA,NA,2018,0,34.2778637,-119.2865066,"918 E Thompson Blvd, Ventura, CA 93001, USA"
"Ventura","PROJ-5955","236 W Barnett Street",0,120,0,120,120,0,120,1,"",NA,"",NA,NA,NA,0,34.292621,-119.301475,"236 W Barnett St, Ventura, CA 93001, USA"
"Ventura","PROJ-4677","2686 N. Ventura Ave",0,50,0,50,50,0,50,1,"",NA,"",NA,NA,NA,0,34.3078228,-119.2926179,"2686 N Ventura Ave, Ventura, CA 93001, USA"
"Ventura","PROJ-5901","3005 E Main St",0,40,NA,NA,NA,NA,NA,1,"",NA,"",NA,NA,NA,0,34.27091,-119.255379,"3005 E Main St, Ventura, CA 93003, USA"
"Ventura","HAP-8-12-12100","2325 Vista Del Mar Dr",0,155,NA,NA,155,NA,NA,0,"",NA,"2013-02-11",0,NA,NA,0,34.2667477,-119.2672162,"2325 Vista Del Mar Dr, Ventura, CA 93001, USA"
"Ventura","PROJ-6138","947 S Seaward Ave",0,103,0,103,103,0,103,0,"",NA,"",NA,NA,NA,0,34.2647207,-119.2710395,"947 S Seaward Ave, Ventura, CA 93001, USA"
"Ventura","PROJ-5085","120 Santa Clara Street",0,255,0,255,255,0,255,0,"2015-05-20",0,"",NA,NA,NA,0,34.2792908,-119.2928241,"120 E Santa Clara St, Ventura, CA 93001, USA"
"Ventura","PROJ-4184","10528 Sunflower Street",0,91,77,14,77,77,14,0,"",NA,"",NA,NA,NA,0,34.2740711,-119.1529428,"10528 Sunflower St, Ventura, CA 93004, USA"
"Ventura","PROJ-7606","1020 Cachuma Ave",0,38,38,0,38,38,0,0,"2015-01-21",0,"",NA,NA,NA,0,34.2786766,-119.1636252,"1020 Cachuma Ave, Ventura, CA 93004, USA"
"Ventura","PROJ-6811","10722 N Bank Dr",0,306,0,306,306,0,306,1,"2015-05-20",NA,"",NA,NA,NA,0,34.2757923,-119.1499388,"10722 N Bank Dr, Ventura, CA 93004, USA"
"Ventura","PROJ-8385","?",0,55,55,0,55,55,0,0,"2015-10-28",1,"",NA,NA,NA,0,34.2804923,-119.2945199,"Ventura, CA, USA"
"Ventura","PROJ-8427","11141 Citrus Dr",0,78,0,78,78,0,78,1,"2016-05-18",1,"",NA,NA,2016,0,34.2918902,-119.1560318,"11141 Citrus Dr, Ventura, CA 93004, USA"
"Ventura","PROJ-8428","11101 Carlos St",0,43,0,43,43,0,43,1,"2016-05-18",1,"",NA,NA,2016,0,34.2926038,-119.1586027,"11101 Carlos St, Ventura, CA 93004, USA"
"Ventura","PROJ-7736","85 Duvali Dr",0,36,NA,NA,NA,NA,NA,NA,"",NA,"",NA,NA,NA,0,34.2775729,-119.2254781,"85 Duvali Dr, Ventura, CA 93003, USA"
"Ventura","PROJ-10256","1995 N Ventura Ave",0,78,0,78,78,0,78,0,"2018-01-17",1,"",NA,NA,2018,1,34.301251,-119.2961,"1995 N Ventura Ave, Ventura, CA 93001, USA"
"Ventura","PROJ-10927","599 8th Street",0,48,0,48,46,0,46,1,"",NA,"",NA,NA,NA,0,34.25714,-119.2095918,"599 8th St, Ventura, CA 93003, USA"
"Ventura","PROJ-11514","117 N Ventura Ave",0,35,0,35,35,0,35,0,"",NA,"",NA,NA,NA,NA,34.2824373,-119.3009303,"117 N Ventura Ave, Ventura, CA 93001, USA"
"Ventura","PROJ-10084","1926 East Thompson Blvd",0,12,12,0,12,12,0,1,"2018-11-06",NA,"",NA,NA,NA,0,34.2744222,-119.272471,"1926 E Thompson Blvd, Ventura, CA 93001, USA"
"Ventura","PROJ-10078","997 Vista Del Mar Place",0,231,0,231,231,0,231,0,"2018-11-20",1,"",NA,NA,2018,0,34.2736291,-119.2816177,"997 Vista Del Mar Pl, Ventura, CA 93001, USA"
"Ventura","PROJ-12799","211 East Thompson Blvd",0,50,0,50,49,0,49,0,"2018-12-19",NA,"",NA,NA,NA,0,34.278621,-119.297426,"211 E Thompson Blvd, Ventura, CA 93001, USA"
"Ventura","PROJ-12080","47 West Santa Clara Street",0,11,0,11,11,0,11,1,"",NA,"",NA,NA,NA,0,34.2795103,-119.3014942,"47 W Santa Clara St, Ventura, CA 93001, USA"
"Ventura","PROJ-12721","1010 Cachuna Ave",0,30,0,30,28,0,28,0,"",NA,"",NA,NA,NA,0,34.2789004,-119.1636538,"1010 Cachuma Ave, Ventura, CA 93004, USA"
"Ventura","PROJ-8150","8324 Telegraph Road",0,19,17,2,18,17,1,0,"2018-05-16",NA,"",NA,NA,NA,0,34.2817969,-119.1834212,"8324 Telegraph Rd, Ventura, CA 93004, USA"
"Ventura","PROJ-7910","1570 E Thompson Blvd",0,NA,NA,NA,NA,NA,NA,NA,"",NA,"",NA,NA,NA,0,34.275415,-119.277964,"1570 E Thompson Blvd, Ventura, CA 93001, USA"
"Ventura","PROJ-2355","1669 Daphne Ave",0,91,84,7,91,84,7,1,"2011-09-01",NA,"",NA,NA,NA,0,34.2740637,-119.1531245,"1669 Daphne Ave, Ventura, CA 93004, USA"
"Ventura","PROJ-2302","1730 Daffodil Ave",0,235,NA,NA,235,NA,NA,NA,"",NA,"",NA,NA,NA,0,34.2763226,-119.1495487,"1730 Daffodil Ave, Ventura, CA 93004, USA"
"Ventura","PROJ-2750","2400 Channel Dr",0,59,0,59,59,0,59,1,"",NA,"",NA,NA,NA,0,34.267442,-119.266673,"2400 Channel Dr, Ventura, CA 93003, USA"
"Ventura","PROJ-2737","4020 Lomo Vista Rd",0,69,NA,NA,69,NA,NA,NA,"",NA,"",NA,NA,NA,0,34.2774043,-119.2417165,"4020 Loma Vista Rd, Ventura, CA 93003, USA"
"Ventura","PROJ-3065","5250 Ralston St",1,NA,NA,NA,NA,NA,NA,NA,"2012-03-06",NA,"",NA,NA,NA,0,34.258838,-119.2201823,"5250 Ralston St, Ventura, CA 93003, USA"
"Ventura","PROJ-3815","2278 Grand Ave",1,NA,NA,NA,NA,NA,NA,NA,"2012-03-06",1,"",NA,NA,NA,0,34.2533981,-119.2069242,"2278 Grand Ave, Ventura, CA 93003, USA"
"Ventura","PROJ-4111","Check City Council",0,NA,NA,NA,NA,NA,NA,NA,"2012-05-22",1,"",NA,NA,NA,0,34.2823789,-119.2927185,"501 Poli St, Ventura, CA 93001, USA"
